NIK,Nama,Jenis_Kelamin,Usia,Alamat_Bersih
5.22049E+15,Adi Hutapea,L,94,"Jalan Diponegoro No. 96, Kota Sumatera Barat, Sumatera Barat, 30054"
5.56562E+15,Yuni Hidayat,L,43,"Jalan Veteran No. 13, Kota Bali, Bali, 87261"
8.64381E+15,Nurul Susanto,L,62,"Jalan Gatot Subroto No. 58, Kota Jawa Barat, Jawa Barat, 94753"
9.10882E+15,Fitri Nugroho,P,76,"Jalan Gatot Subroto No. 80, Kota Jawa Barat, Jawa Barat, 33966"
8.56491E+15,Adi Gunawan,P,99,"Jalan Merdeka No. 35, Kota Sumatera Utara, Sumatera Utara, 62367"
3.07951E+15,Hendro Andriani,L,30,"Jalan Gatot Subroto No. 92, Kota Jawa Barat, Jawa Barat, 29841"
2.6872E+15,Rita Pranoto,P,19,"Jalan Merdeka No. 99, Kota Banten, Banten, 77123"
3.88794E+14,Nurul Setiawan,P,94,"Jalan Sudirman No. 92, Kota Bali, Bali, 56255"
9.14105E+15,Hadi Kurniawan,P,26,"Jalan Ahmad Yani No. 67, Kota Sumatera Utara, Sumatera Utara, 64023"
8.12754E+15,Siti Pranoto,L,38,"Jalan Sudirman No. 22, Kota DKI Jakarta, DKI Jakarta, 30202"
4.47934E+15,Fitri Hutapea,L,19,"Jalan Gatot Subroto No. 73, Kota Jawa Barat, Jawa Barat, 83031"
4.64033E+15,Yuni Prasetyo,P,91,"Jalan Gatot Subroto No. 93, Kota Banten, Banten, 31971"
1.43384E+15,Nurul Pranoto,L,43,"Jalan Sudirman No. 100, Kota Banten, Banten, 60143"
8.29954E+15,Ahmad Hutapea,L,81,"Jalan Gatot Subroto No. 82, Kota Sumatera Utara, Sumatera Utara, 50835"
7.16607E+15,Nurul Santoso,P,82,"Jalan Merdeka No. 50, Kota Bali, Bali, 68118"
8.87648E+14,Muhammad Susanto,L,40,"Jalan Gatot Subroto No. 64, Kota Jawa Tengah, Jawa Tengah, 23082"
5.83406E+15,Ahmad Hutapea,P,36,"Jalan Veteran No. 3, Kota DKI Jakarta, DKI Jakarta, 15492"
3.76575E+15,Bambang Pranoto,P,28,"Jalan Gatot Subroto No. 71, Kota Jawa Timur, Jawa Timur, 17751"
8.91383E+15,Wati Wijaya,P,31,"Jalan Sudirman No. 83, Kota Sumatera Barat, Sumatera Barat, 71922"
5.37231E+15,Rina Pranoto,P,35,"Jalan Veteran No. 57, Kota Jawa Tengah, Jawa Tengah, 43691"
9.10707E+15,Ahmad Hidayat,L,84,"Jalan Sudirman No. 37, Kota Banten, Banten, 85985"
1.97521E+15,Rita Andriani,P,65,"Jalan Merdeka No. 100, Kota DKI Jakarta, DKI Jakarta, 98127"
5.23711E+15,Agus Sirait,P,79,"Jalan Ahmad Yani No. 39, Kota Jawa Tengah, Jawa Tengah, 10433"
4.40419E+15,Budi Kurniawan,L,52,"Jalan Sudirman No. 41, Kota Banten, Banten, 79851"
2.4523E+15,Fitri Santoso,L,57,"Jalan Gatot Subroto No. 36, Kota Jawa Tengah, Jawa Tengah, 98036"
2.45883E+15,Agus Nugroho,P,52,"Jalan Ahmad Yani No. 69, Kota Sumatera Barat, Sumatera Barat, 91615"
7.28178E+15,Dewi Santoso,P,60,"Jalan Sudirman No. 97, Kota Bali, Bali, 30665"
1.99622E+15,Hadi Kurniawan,L,56,"Jalan Ahmad Yani No. 42, Kota DKI Jakarta, DKI Jakarta, 41640"
9.83044E+15,Yuni Andriani,P,24,"Jalan Merdeka No. 66, Kota Bali, Bali, 41994"
8.33378E+15,Ahmad Hartono,L,75,"Jalan Sudirman No. 1, Kota Sumatera Utara, Sumatera Utara, 91987"
9.78873E+15,Slamet Susanto,L,91,"Jalan Sudirman No. 38, Kota Sumatera Utara, Sumatera Utara, 82073"
2.38619E+15,Fitri Hidayat,L,28,"Jalan Ahmad Yani No. 39, Kota Jawa Barat, Jawa Barat, 46377"
9.02934E+15,Lia Kurniawan,P,68,"Jalan Veteran No. 67, Kota Jawa Timur, Jawa Timur, 16563"
5.35279E+15,Bambang Hutapea,L,36,"Jalan Sudirman No. 7, Kota Jawa Tengah, Jawa Tengah, 90069"
6.15414E+15,Indah Prasetyo,P,64,"Jalan Merdeka No. 99, Kota Jawa Tengah, Jawa Tengah, 65521"
1.93369E+14,Hadi Sirait,L,46,"Jalan Gatot Subroto No. 22, Kota DKI Jakarta, DKI Jakarta, 34013"
6.21926E+15,Rina Kurniawan,P,32,"Jalan Ahmad Yani No. 38, Kota DKI Jakarta, DKI Jakarta, 89056"
8.34591E+15,Indah Hutapea,L,59,"Jalan Ahmad Yani No. 52, Kota Sumatera Barat, Sumatera Barat, 43077"
9.64758E+15,Lia Gunawan,P,38,"Jalan Sudirman No. 82, Kota Jawa Tengah, Jawa Tengah, 42883"
3.45477E+15,Rini Setiawan,P,28,"Jalan Merdeka No. 11, Kota Jawa Timur, Jawa Timur, 85005"
7.04993E+15,Nurul Andriani,L,25,"Jalan Merdeka No. 18, Kota DKI Jakarta, DKI Jakarta, 52410"
2.62387E+15,Maya Hartono,L,74,"Jalan Veteran No. 30, Kota Jawa Tengah, Jawa Tengah, 26805"
5.83261E+15,Erni Setiawan,L,62,"Jalan Diponegoro No. 56, Kota Jawa Tengah, Jawa Tengah, 56825"
9.43185E+15,Indah Gunawan,P,56,"Jalan Veteran No. 10, Kota Sumatera Utara, Sumatera Utara, 44892"
6.98234E+15,Rita Hutapea,L,96,"Jalan Veteran No. 87, Kota DKI Jakarta, DKI Jakarta, 80268"
5.84445E+15,Muhammad Pranoto,L,62,"Jalan Veteran No. 94, Kota DKI Jakarta, DKI Jakarta, 44225"
2.96701E+15,Indah Prasetyo,L,67,"Jalan Sudirman No. 85, Kota DKI Jakarta, DKI Jakarta, 22294"
5.87349E+14,Fitri Saputra,L,80,"Jalan Ahmad Yani No. 39, Kota Jawa Tengah, Jawa Tengah, 58242"
8.24928E+15,Taufik Setiawan,P,60,"Jalan Merdeka No. 83, Kota Sumatera Utara, Sumatera Utara, 47782"
6.48451E+15,Iwan Susanto,L,82,"Jalan Gatot Subroto No. 87, Kota DKI Jakarta, DKI Jakarta, 22993"
6.24595E+15,Erni Sirait,P,25,"Jalan Veteran No. 15, Kota Sumatera Utara, Sumatera Utara, 32396"
9.31619E+15,Dedi Pranoto,P,90,"Jalan Sudirman No. 82, Kota Jawa Tengah, Jawa Tengah, 10924"
7.3477E+15,Dedi Andriani,P,89,"Jalan Merdeka No. 45, Kota Banten, Banten, 30973"
2.1346E+15,Adi Pranoto,L,27,"Jalan Sudirman No. 74, Kota Jawa Barat, Jawa Barat, 33146"
8.24542E+13,Indah Susanto,L,45,"Jalan Ahmad Yani No. 80, Kota Jawa Barat, Jawa Barat, 73640"
3.76211E+15,Maya Nugroho,L,26,"Jalan Merdeka No. 70, Kota DKI Jakarta, DKI Jakarta, 55497"
5.48639E+15,Adi Santoso,L,30,"Jalan Veteran No. 93, Kota Sumatera Utara, Sumatera Utara, 94820"
3.14768E+15,Rina Wijaya,L,49,"Jalan Sudirman No. 45, Kota DKI Jakarta, DKI Jakarta, 90319"
6.54453E+15,Ani Prasetyo,P,34,"Jalan Ahmad Yani No. 22, Kota Bali, Bali, 11087"
4.01354E+15,Ani Hutapea,L,79,"Jalan Merdeka No. 65, Kota Bali, Bali, 11654"
4.38354E+15,Bambang Sirait,L,62,"Jalan Sudirman No. 18, Kota Sumatera Utara, Sumatera Utara, 54697"
6.06702E+15,Fitri Gunawan,L,78,"Jalan Diponegoro No. 15, Kota Jawa Tengah, Jawa Tengah, 55088"
2.07423E+15,Taufik Prasetyo,L,79,"Jalan Merdeka No. 25, Kota Bali, Bali, 42386"
6.16407E+15,Erni Sirait,L,22,"Jalan Merdeka No. 83, Kota Jawa Tengah, Jawa Tengah, 17655"
6.24311E+15,Iwan Nugroho,L,74,"Jalan Gatot Subroto No. 70, Kota Sumatera Utara, Sumatera Utara, 90528"
9.33695E+15,Agus Kurniawan,P,84,"Jalan Merdeka No. 17, Kota Jawa Timur, Jawa Timur, 90258"
7.06312E+15,Rita Santoso,P,38,"Jalan Veteran No. 41, Kota Banten, Banten, 61001"
4.98094E+15,Susan Sirait,L,28,"Jalan Merdeka No. 69, Kota Sumatera Utara, Sumatera Utara, 88515"
4.77139E+15,Maya Hidayat,P,37,"Jalan Veteran No. 37, Kota Banten, Banten, 25956"
8.27229E+15,Hadi Hidayat,L,47,"Jalan Veteran No. 21, Kota Jawa Barat, Jawa Barat, 11283"
1.01417E+15,Nurul Wijaya,L,66,"Jalan Gatot Subroto No. 58, Kota Jawa Tengah, Jawa Tengah, 25887"
3.43465E+15,Wati Hidayat,P,40,"Jalan Ahmad Yani No. 94, Kota DKI Jakarta, DKI Jakarta, 71011"
4.72695E+14,Ahmad Santoso,L,52,"Jalan Ahmad Yani No. 87, Kota Jawa Timur, Jawa Timur, 96811"
4.9216E+15,Hendro Kurniawan,L,45,"Jalan Veteran No. 62, Kota Jawa Timur, Jawa Timur, 86364"
1.53533E+15,Wati Wijaya,L,19,"Jalan Merdeka No. 62, Kota Bali, Bali, 91759"
3.84415E+15,Muhammad Hartono,L,63,"Jalan Sudirman No. 92, Kota DKI Jakarta, DKI Jakarta, 10134"
1.95955E+15,Agus Gunawan,P,66,"Jalan Gatot Subroto No. 94, Kota Bali, Bali, 44951"
7.69483E+15,Lia Gunawan,P,22,"Jalan Diponegoro No. 94, Kota Banten, Banten, 15902"
8.06914E+15,Muhammad Wijaya,L,18,"Jalan Ahmad Yani No. 27, Kota Banten, Banten, 90624"
2.03243E+15,Rina Wijaya,P,45,"Jalan Ahmad Yani No. 54, Kota Sumatera Utara, Sumatera Utara, 92921"
1.26918E+15,Erni Saputra,P,97,"Jalan Ahmad Yani No. 79, Kota DKI Jakarta, DKI Jakarta, 32146"
5.21169E+15,Susan Prasetyo,P,32,"Jalan Merdeka No. 8, Kota Jawa Tengah, Jawa Tengah, 10723"
6.93007E+15,Eko Kurniawan,P,32,"Jalan Sudirman No. 93, Kota DKI Jakarta, DKI Jakarta, 28122"
2.02061E+15,Nurul Hutapea,P,38,"Jalan Gatot Subroto No. 56, Kota Sumatera Barat, Sumatera Barat, 94482"
4.6942E+15,Ahmad Kurniawan,L,98,"Jalan Merdeka No. 22, Kota Jawa Timur, Jawa Timur, 74261"
4.80208E+15,Dedi Wijaya,P,19,"Jalan Gatot Subroto No. 54, Kota DKI Jakarta, DKI Jakarta, 87107"
4.07041E+15,Hendro Andriani,P,43,"Jalan Gatot Subroto No. 82, Kota Jawa Tengah, Jawa Tengah, 11763"
3.91779E+15,Agus Gunawan,P,91,"Jalan Sudirman No. 10, Kota Jawa Barat, Jawa Barat, 86524"
6.18706E+15,Taufik Kurniawan,L,62,"Jalan Merdeka No. 19, Kota Sumatera Utara, Sumatera Utara, 94281"
9.92573E+15,Yulio Pranoto,P,51,"Jalan Diponegoro No. 37, Kota Bali, Bali, 36455"
5.29262E+15,Susan Prasetyo,P,100,"Jalan Merdeka No. 3, Kota Sumatera Barat, Sumatera Barat, 23807"
8.10563E+15,Iwan Hutapea,L,87,"Jalan Ahmad Yani No. 17, Kota Sumatera Utara, Sumatera Utara, 77429"
3.55597E+15,Iwan Gunawan,L,72,"Jalan Merdeka No. 98, Kota Jawa Tengah, Jawa Tengah, 73281"
7.86646E+15,Fitri Nugroho,L,88,"Jalan Gatot Subroto No. 95, Kota DKI Jakarta, DKI Jakarta, 51237"
9.25368E+15,Dedi Kurniawan,L,83,"Jalan Veteran No. 81, Kota Jawa Timur, Jawa Timur, 86263"
7.25524E+15,Fitri Hidayat,L,46,"Jalan Sudirman No. 90, Kota Jawa Barat, Jawa Barat, 89859"
2.84321E+15,Budi Saputra,L,78,"Jalan Ahmad Yani No. 38, Kota Jawa Tengah, Jawa Tengah, 80002"
8.65553E+15,Siti Kurniawan,L,22,"Jalan Diponegoro No. 64, Kota Jawa Timur, Jawa Timur, 11840"
6.37243E+15,Wati Kurniawan,L,96,"Jalan Gatot Subroto No. 26, Kota Jawa Barat, Jawa Barat, 23994"
4.35873E+15,Rudi Setiawan,L,35,"Jalan Diponegoro No. 77, Kota Jawa Tengah, Jawa Tengah, 93367"
9.66772E+15,Indah Kurniawan,L,18,"Jalan Ahmad Yani No. 20, Kota Jawa Barat, Jawa Barat, 84962"
2.85202E+15,Agus Pranoto,P,88,"Jalan Gatot Subroto No. 10, Kota Jawa Tengah, Jawa Tengah, 52809"
8.34609E+15,Maya Nugroho,L,79,"Jalan Gatot Subroto No. 89, Kota Jawa Timur, Jawa Timur, 27496"
9.97118E+14,Susan Susanto,L,30,"Jalan Veteran No. 18, Kota Jawa Timur, Jawa Timur, 94526"
6.49453E+15,Dedi Prasetyo,P,35,"Jalan Diponegoro No. 78, Kota Bali, Bali, 43092"
9.56438E+14,Susan Hutapea,P,25,"Jalan Gatot Subroto No. 25, Kota Jawa Barat, Jawa Barat, 38156"
2.40785E+15,Taufik Hartono,L,73,"Jalan Sudirman No. 49, Kota Jawa Tengah, Jawa Tengah, 66119"
9.93924E+15,Dedi Kurniawan,P,70,"Jalan Veteran No. 51, Kota Jawa Tengah, Jawa Tengah, 46102"
3.38233E+15,Eko Sirait,P,43,"Jalan Merdeka No. 93, Kota Sumatera Utara, Sumatera Utara, 86663"
5.37761E+15,Rita Sirait,L,82,"Jalan Veteran No. 69, Kota DKI Jakarta, DKI Jakarta, 45987"
5.60859E+15,Susan Hutapea,L,32,"Jalan Diponegoro No. 19, Kota Bali, Bali, 53723"
7.67209E+15,Hendro Hidayat,L,18,"Jalan Ahmad Yani No. 37, Kota Bali, Bali, 37038"
7.75793E+15,Nurul Prasetyo,L,74,"Jalan Diponegoro No. 85, Kota Bali, Bali, 47423"
5.46463E+15,Iwan Hartono,L,71,"Jalan Merdeka No. 27, Kota Sumatera Utara, Sumatera Utara, 88089"
5.57445E+14,Hadi Santoso,P,42,"Jalan Ahmad Yani No. 39, Kota Jawa Barat, Jawa Barat, 88527"
3.118E+15,Budi Prasetyo,P,82,"Jalan Ahmad Yani No. 68, Kota Jawa Tengah, Jawa Tengah, 72682"
8.541E+15,Erni Hutapea,P,66,"Jalan Diponegoro No. 92, Kota DKI Jakarta, DKI Jakarta, 84144"
3.8754E+14,Ahmad Hartono,L,57,"Jalan Veteran No. 46, Kota Jawa Timur, Jawa Timur, 82043"
3.41749E+15,Adi Hartono,L,36,"Jalan Ahmad Yani No. 62, Kota DKI Jakarta, DKI Jakarta, 12600"
4.00359E+15,Yuni Setiawan,P,42,"Jalan Gatot Subroto No. 13, Kota Bali, Bali, 77849"
3.12043E+15,Indah Gunawan,L,31,"Jalan Diponegoro No. 95, Kota Sumatera Utara, Sumatera Utara, 44916"
8.57598E+15,Dedi Santoso,P,43,"Jalan Sudirman No. 21, Kota Jawa Tengah, Jawa Tengah, 43968"
7.69524E+14,Slamet Kurniawan,L,87,"Jalan Merdeka No. 77, Kota Sumatera Barat, Sumatera Barat, 96773"
4.0045E+15,Budi Hidayat,P,56,"Jalan Ahmad Yani No. 74, Kota Bali, Bali, 61152"
7.44119E+15,Nurul Nugroho,L,42,"Jalan Merdeka No. 7, Kota Sumatera Utara, Sumatera Utara, 92594"
2.22686E+14,Lia Andriani,L,88,"Jalan Veteran No. 61, Kota Sumatera Utara, Sumatera Utara, 78960"
1.6877E+15,Nurul Susanto,P,36,"Jalan Merdeka No. 72, Kota Jawa Tengah, Jawa Tengah, 70226"
3.15307E+15,Rina Hidayat,L,34,"Jalan Merdeka No. 2, Kota Sumatera Barat, Sumatera Barat, 84718"
8.60233E+15,Nurul Hidayat,L,65,"Jalan Sudirman No. 59, Kota Jawa Tengah, Jawa Tengah, 94989"
6.75635E+14,Eko Kurniawan,P,39,"Jalan Veteran No. 38, Kota Bali, Bali, 52570"
1.12094E+15,Bambang Andriani,L,89,"Jalan Gatot Subroto No. 5, Kota Jawa Tengah, Jawa Tengah, 31326"
7.06282E+14,Rudi Wijaya,L,26,"Jalan Gatot Subroto No. 80, Kota Banten, Banten, 15389"
2.46271E+14,Erni Hartono,P,21,"Jalan Sudirman No. 74, Kota Jawa Barat, Jawa Barat, 45270"
9.38549E+15,Nurul Kurniawan,L,100,"Jalan Veteran No. 14, Kota Sumatera Barat, Sumatera Barat, 27220"
9.98889E+15,Nurul Setiawan,L,93,"Jalan Ahmad Yani No. 48, Kota Bali, Bali, 26273"
2.9449E+15,Rina Hidayat,P,62,"Jalan Veteran No. 60, Kota Banten, Banten, 86128"
5.16442E+15,Siti Hidayat,P,24,"Jalan Ahmad Yani No. 41, Kota Banten, Banten, 11652"
7.41536E+15,Dedi Hidayat,L,46,"Jalan Sudirman No. 85, Kota Sumatera Barat, Sumatera Barat, 42602"
6.75282E+15,Slamet Andriani,L,43,"Jalan Diponegoro No. 5, Kota Jawa Tengah, Jawa Tengah, 81786"
9.79788E+15,Muhammad Hutapea,P,51,"Jalan Veteran No. 51, Kota Jawa Tengah, Jawa Tengah, 57900"
5.35503E+15,Ahmad Prasetyo,P,23,"Jalan Sudirman No. 73, Kota Sumatera Barat, Sumatera Barat, 70250"
3.30435E+15,Maya Sirait,P,31,"Jalan Ahmad Yani No. 30, Kota Sumatera Barat, Sumatera Barat, 62553"
2.64096E+15,Susan Sirait,P,86,"Jalan Sudirman No. 2, Kota Sumatera Barat, Sumatera Barat, 67848"
2.71865E+15,Rita Hutapea,L,52,"Jalan Merdeka No. 16, Kota Jawa Tengah, Jawa Tengah, 43965"
4.05654E+15,Hadi Gunawan,P,32,"Jalan Diponegoro No. 66, Kota Jawa Timur, Jawa Timur, 14917"
4.32753E+15,Maya Hidayat,L,89,"Jalan Diponegoro No. 35, Kota DKI Jakarta, DKI Jakarta, 37588"
8.45313E+15,Siti Andriani,L,49,"Jalan Gatot Subroto No. 48, Kota Jawa Barat, Jawa Barat, 31072"
7.6368E+15,Taufik Prasetyo,P,57,"Jalan Veteran No. 85, Kota Jawa Tengah, Jawa Tengah, 89447"
9.53078E+15,Adi Sirait,P,43,"Jalan Merdeka No. 15, Kota DKI Jakarta, DKI Jakarta, 65510"
4.15781E+15,Hadi Nugroho,P,31,"Jalan Diponegoro No. 40, Kota Sumatera Utara, Sumatera Utara, 87198"
6.43578E+15,Erni Nugroho,P,92,"Jalan Gatot Subroto No. 54, Kota Bali, Bali, 92024"
9.02612E+15,Slamet Prasetyo,L,89,"Jalan Veteran No. 11, Kota Bali, Bali, 50563"
5.21209E+15,Adi Kurniawan,P,63,"Jalan Ahmad Yani No. 51, Kota Sumatera Utara, Sumatera Utara, 19928"
5.04146E+15,Lia Nugroho,P,50,"Jalan Sudirman No. 20, Kota Sumatera Barat, Sumatera Barat, 65344"
7.484E+14,Dewi Sirait,P,85,"Jalan Diponegoro No. 23, Kota Jawa Tengah, Jawa Tengah, 83268"
7.67352E+15,Susan Prasetyo,P,44,"Jalan Gatot Subroto No. 67, Kota Jawa Timur, Jawa Timur, 58385"
8.23807E+15,Wati Hutapea,L,94,"Jalan Gatot Subroto No. 43, Kota Jawa Timur, Jawa Timur, 60505"
1.69079E+15,Rini Sirait,L,44,"Jalan Veteran No. 80, Kota Bali, Bali, 43310"
8.73475E+15,Slamet Sirait,P,35,"Jalan Gatot Subroto No. 100, Kota Banten, Banten, 70168"
7.47928E+15,Taufik Sirait,P,94,"Jalan Veteran No. 76, Kota Sumatera Utara, Sumatera Utara, 13498"
2.70438E+15,Slamet Wijaya,L,23,"Jalan Diponegoro No. 36, Kota Sumatera Barat, Sumatera Barat, 21831"
5.37183E+15,Bambang Sirait,P,31,"Jalan Merdeka No. 86, Kota DKI Jakarta, DKI Jakarta, 75720"
1.76108E+15,Susan Hartono,L,45,"Jalan Ahmad Yani No. 21, Kota Jawa Barat, Jawa Barat, 83976"
4.28576E+15,Rina Susanto,P,36,"Jalan Sudirman No. 92, Kota Sumatera Utara, Sumatera Utara, 82255"
7.06274E+15,Ahmad Kurniawan,P,56,"Jalan Ahmad Yani No. 74, Kota Sumatera Barat, Sumatera Barat, 25050"
6.65017E+15,Siti Andriani,L,35,"Jalan Diponegoro No. 74, Kota Sumatera Utara, Sumatera Utara, 75324"
8.28301E+15,Rita Santoso,P,28,"Jalan Veteran No. 49, Kota Banten, Banten, 13535"
9.87679E+15,Ani Susanto,P,100,"Jalan Merdeka No. 30, Kota Jawa Tengah, Jawa Tengah, 16470"
8.51482E+15,Slamet Nugroho,L,95,"Jalan Merdeka No. 77, Kota DKI Jakarta, DKI Jakarta, 42761"
9.61819E+14,Nurul Hutapea,L,48,"Jalan Gatot Subroto No. 54, Kota Sumatera Utara, Sumatera Utara, 50607"
3.49887E+15,Nurul Hutapea,P,43,"Jalan Merdeka No. 6, Kota Jawa Tengah, Jawa Tengah, 35256"
5.90538E+14,Hadi Hartono,P,69,"Jalan Sudirman No. 100, Kota Sumatera Utara, Sumatera Utara, 18744"
1.7386E+14,Rudi Saputra,L,18,"Jalan Gatot Subroto No. 15, Kota Jawa Tengah, Jawa Tengah, 53197"
4.49823E+15,Agus Hutapea,P,75,"Jalan Sudirman No. 92, Kota DKI Jakarta, DKI Jakarta, 92737"
3.56815E+15,Siti Gunawan,P,25,"Jalan Sudirman No. 90, Kota Banten, Banten, 24064"
2.11275E+15,Nurul Prasetyo,L,20,"Jalan Sudirman No. 99, Kota Jawa Timur, Jawa Timur, 60726"
8.70936E+15,Rina Hartono,P,72,"Jalan Gatot Subroto No. 35, Kota Banten, Banten, 57549"
9.45937E+15,Maya Gunawan,L,76,"Jalan Merdeka No. 71, Kota Banten, Banten, 73061"
4.54044E+15,Hendro Santoso,L,69,"Jalan Veteran No. 55, Kota Bali, Bali, 25972"
3.70033E+15,Rita Gunawan,P,38,"Jalan Gatot Subroto No. 3, Kota Bali, Bali, 95780"
4.63503E+15,Ani Wijaya,L,97,"Jalan Sudirman No. 4, Kota DKI Jakarta, DKI Jakarta, 65167"
8.3245E+15,Dewi Hutapea,L,72,"Jalan Diponegoro No. 16, Kota Jawa Barat, Jawa Barat, 21220"
1.43797E+15,Taufik Hidayat,L,96,"Jalan Merdeka No. 32, Kota Sumatera Barat, Sumatera Barat, 70944"
2.31596E+15,Wati Wijaya,P,40,"Jalan Gatot Subroto No. 94, Kota Sumatera Utara, Sumatera Utara, 54559"
8.88864E+14,Yuni Pranoto,P,100,"Jalan Diponegoro No. 19, Kota Bali, Bali, 99473"
4.33406E+15,Nurul Hidayat,L,81,"Jalan Ahmad Yani No. 92, Kota Banten, Banten, 76197"
2.20202E+15,Ahmad Prasetyo,P,87,"Jalan Sudirman No. 55, Kota Banten, Banten, 27107"
6.82562E+15,Lia Nugroho,P,54,"Jalan Sudirman No. 15, Kota Jawa Tengah, Jawa Tengah, 34078"
7.75401E+15,Slamet Prasetyo,L,51,"Jalan Gatot Subroto No. 90, Kota Banten, Banten, 17431"
9.33689E+13,Muhammad Prasetyo,P,21,"Jalan Veteran No. 13, Kota Bali, Bali, 39326"
4.42501E+15,Eko Hartono,L,28,"Jalan Ahmad Yani No. 50, Kota Bali, Bali, 21411"
7.20951E+15,Dedi Andriani,P,59,"Jalan Sudirman No. 33, Kota Banten, Banten, 56585"
7.31478E+15,Ahmad Hidayat,L,43,"Jalan Sudirman No. 51, Kota Jawa Barat, Jawa Barat, 45618"
1.13467E+15,Rudi Susanto,P,56,"Jalan Merdeka No. 83, Kota Bali, Bali, 38879"
2.60945E+15,Rita Wijaya,P,19,"Jalan Gatot Subroto No. 59, Kota DKI Jakarta, DKI Jakarta, 49497"
6.88271E+15,Rudi Andriani,L,45,"Jalan Veteran No. 96, Kota Bali, Bali, 85742"
4.44438E+15,Dewi Hidayat,L,84,"Jalan Veteran No. 33, Kota Sumatera Barat, Sumatera Barat, 89093"
6.12451E+15,Ahmad Saputra,L,100,"Jalan Diponegoro No. 54, Kota Jawa Timur, Jawa Timur, 30309"
3.66912E+15,Maya Hutapea,P,24,"Jalan Ahmad Yani No. 66, Kota Sumatera Utara, Sumatera Utara, 28720"
1.88996E+15,Eko Hutapea,P,98,"Jalan Gatot Subroto No. 83, Kota Sumatera Barat, Sumatera Barat, 36536"
8.34304E+15,Bambang Setiawan,L,22,"Jalan Gatot Subroto No. 60, Kota Jawa Tengah, Jawa Tengah, 83814"
8.22997E+14,Wati Hartono,P,62,"Jalan Gatot Subroto No. 27, Kota Banten, Banten, 23591"
7.14789E+15,Budi Santoso,P,85,"Jalan Sudirman No. 81, Kota Sumatera Barat, Sumatera Barat, 20791"
7.65716E+15,Iwan Andriani,L,50,"Jalan Gatot Subroto No. 4, Kota Sumatera Utara, Sumatera Utara, 56448"
1.183E+15,Dedi Nugroho,P,94,"Jalan Ahmad Yani No. 27, Kota Bali, Bali, 98607"
1.30554E+15,Agus Wijaya,P,99,"Jalan Ahmad Yani No. 55, Kota DKI Jakarta, DKI Jakarta, 76884"
2.50326E+15,Dewi Hutapea,P,48,"Jalan Ahmad Yani No. 90, Kota Sumatera Utara, Sumatera Utara, 82709"
3.31631E+15,Dedi Setiawan,L,38,"Jalan Diponegoro No. 3, Kota Jawa Tengah, Jawa Tengah, 92104"
8.53634E+14,Eko Andriani,P,24,"Jalan Veteran No. 49, Kota DKI Jakarta, DKI Jakarta, 56452"
7.66873E+15,Yulio Andriani,P,29,"Jalan Ahmad Yani No. 63, Kota Banten, Banten, 37320"
2.81465E+15,Yuni Setiawan,P,63,"Jalan Ahmad Yani No. 59, Kota Sumatera Barat, Sumatera Barat, 85981"
7.73197E+15,Ani Hidayat,P,53,"Jalan Merdeka No. 80, Kota Jawa Barat, Jawa Barat, 45138"
6.5353E+15,Rini Santoso,L,70,"Jalan Sudirman No. 89, Kota Banten, Banten, 99697"
7.07464E+15,Eko Andriani,L,24,"Jalan Diponegoro No. 41, Kota DKI Jakarta, DKI Jakarta, 95513"
1.45349E+15,Rudi Hartono,P,33,"Jalan Gatot Subroto No. 95, Kota Banten, Banten, 92252"
2.48843E+15,Slamet Setiawan,P,47,"Jalan Diponegoro No. 7, Kota Jawa Barat, Jawa Barat, 65654"
4.38798E+15,Rini Santoso,L,30,"Jalan Veteran No. 49, Kota Banten, Banten, 87268"
2.79622E+15,Yulio Saputra,P,49,"Jalan Merdeka No. 90, Kota Banten, Banten, 73040"
7.94977E+15,Wati Sirait,P,94,"Jalan Diponegoro No. 38, Kota Jawa Tengah, Jawa Tengah, 51419"
6.87463E+15,Rita Hartono,L,54,"Jalan Merdeka No. 21, Kota DKI Jakarta, DKI Jakarta, 93747"
1.04169E+15,Dewi Hutapea,P,80,"Jalan Veteran No. 66, Kota Sumatera Barat, Sumatera Barat, 18451"
5.04528E+14,Yuni Hutapea,P,82,"Jalan Gatot Subroto No. 58, Kota Jawa Tengah, Jawa Tengah, 18758"
9.80982E+15,Lia Prasetyo,P,86,"Jalan Diponegoro No. 28, Kota Jawa Timur, Jawa Timur, 76888"
9.40203E+15,Rudi Pranoto,P,80,"Jalan Ahmad Yani No. 96, Kota Sumatera Utara, Sumatera Utara, 53267"
3.14739E+15,Yuni Sirait,P,21,"Jalan Diponegoro No. 61, Kota Sumatera Barat, Sumatera Barat, 83416"
8.75911E+15,Indah Saputra,L,80,"Jalan Ahmad Yani No. 9, Kota Jawa Timur, Jawa Timur, 58435"
1.36168E+15,Adi Hutapea,L,52,"Jalan Sudirman No. 11, Kota Bali, Bali, 47367"
1.20507E+14,Nurul Hidayat,L,94,"Jalan Sudirman No. 46, Kota Bali, Bali, 66834"
8.69271E+14,Slamet Prasetyo,P,32,"Jalan Ahmad Yani No. 58, Kota Sumatera Barat, Sumatera Barat, 65204"
5.51328E+15,Rudi Prasetyo,L,26,"Jalan Sudirman No. 88, Kota Bali, Bali, 63491"
1.60436E+15,Rina Hartono,L,30,"Jalan Merdeka No. 14, Kota Jawa Tengah, Jawa Tengah, 14464"
6.39026E+15,Eko Setiawan,L,84,"Jalan Veteran No. 68, Kota Jawa Barat, Jawa Barat, 20501"
3.99616E+15,Budi Wijaya,P,81,"Jalan Sudirman No. 64, Kota Sumatera Barat, Sumatera Barat, 94357"
7.99529E+15,Ahmad Hidayat,L,75,"Jalan Gatot Subroto No. 4, Kota Sumatera Utara, Sumatera Utara, 56075"
3.90227E+14,Dewi Hartono,P,35,"Jalan Ahmad Yani No. 60, Kota Sumatera Utara, Sumatera Utara, 31256"
7.59244E+15,Maya Hutapea,P,78,"Jalan Gatot Subroto No. 25, Kota Sumatera Utara, Sumatera Utara, 92853"
5.93616E+14,Indah Hutapea,L,53,"Jalan Veteran No. 83, Kota Jawa Timur, Jawa Timur, 99129"
4.75882E+15,Susan Andriani,P,54,"Jalan Ahmad Yani No. 92, Kota Banten, Banten, 70478"
9.55042E+15,Adi Hutapea,L,57,"Jalan Diponegoro No. 72, Kota Sumatera Barat, Sumatera Barat, 54172"
8.33289E+15,Wati Hartono,P,34,"Jalan Sudirman No. 42, Kota Sumatera Utara, Sumatera Utara, 95586"
4.50933E+15,Ani Santoso,P,60,"Jalan Ahmad Yani No. 28, Kota Jawa Barat, Jawa Barat, 91044"
9.29364E+15,Taufik Setiawan,L,73,"Jalan Diponegoro No. 39, Kota Sumatera Barat, Sumatera Barat, 84790"
9.5893E+15,Hadi Pranoto,P,63,"Jalan Diponegoro No. 31, Kota Sumatera Barat, Sumatera Barat, 19117"
4.0969E+15,Rini Wijaya,L,71,"Jalan Veteran No. 64, Kota Banten, Banten, 12490"
4.93345E+15,Taufik Sirait,L,56,"Jalan Gatot Subroto No. 89, Kota Jawa Tengah, Jawa Tengah, 34178"
6.22654E+15,Muhammad Nugroho,L,28,"Jalan Sudirman No. 81, Kota Sumatera Barat, Sumatera Barat, 34877"
2.19415E+15,Rudi Wijaya,L,51,"Jalan Sudirman No. 40, Kota Sumatera Utara, Sumatera Utara, 58385"
6.18114E+15,Rita Setiawan,L,57,"Jalan Merdeka No. 87, Kota Bali, Bali, 18834"
6.49843E+15,Bambang Hutapea,P,41,"Jalan Ahmad Yani No. 93, Kota Jawa Tengah, Jawa Tengah, 57816"
2.3068E+15,Susan Pranoto,P,18,"Jalan Veteran No. 69, Kota Jawa Timur, Jawa Timur, 28297"
5.33594E+15,Taufik Andriani,P,83,"Jalan Merdeka No. 56, Kota Jawa Timur, Jawa Timur, 13108"
2.32343E+15,Hendro Nugroho,P,30,"Jalan Gatot Subroto No. 90, Kota Sumatera Barat, Sumatera Barat, 15315"
2.02027E+15,Dewi Hutapea,P,99,"Jalan Sudirman No. 4, Kota Jawa Timur, Jawa Timur, 10344"
8.15363E+15,Dewi Andriani,L,25,"Jalan Merdeka No. 31, Kota DKI Jakarta, DKI Jakarta, 71303"
4.64196E+15,Susan Gunawan,L,72,"Jalan Sudirman No. 16, Kota Jawa Barat, Jawa Barat, 28448"
9.4642E+15,Maya Prasetyo,L,64,"Jalan Diponegoro No. 40, Kota Jawa Timur, Jawa Timur, 55055"
9.57624E+15,Indah Gunawan,P,51,"Jalan Diponegoro No. 16, Kota Jawa Barat, Jawa Barat, 59605"
5.04594E+15,Dedi Setiawan,L,27,"Jalan Sudirman No. 60, Kota Bali, Bali, 85772"
8.54127E+15,Rini Hidayat,L,76,"Jalan Ahmad Yani No. 46, Kota Jawa Tengah, Jawa Tengah, 10108"
2.34088E+15,Dedi Wijaya,L,100,"Jalan Sudirman No. 36, Kota DKI Jakarta, DKI Jakarta, 28183"
7.31273E+15,Hendro Sirait,L,80,"Jalan Sudirman No. 59, Kota Jawa Timur, Jawa Timur, 58710"
8.84428E+15,Siti Hutapea,L,34,"Jalan Merdeka No. 39, Kota Banten, Banten, 47600"
1.02631E+15,Rini Kurniawan,L,67,"Jalan Gatot Subroto No. 93, Kota DKI Jakarta, DKI Jakarta, 58629"
9.2116E+14,Agus Andriani,L,43,"Jalan Gatot Subroto No. 42, Kota Banten, Banten, 91328"
4.29908E+15,Yulio Andriani,L,44,"Jalan Diponegoro No. 57, Kota Sumatera Barat, Sumatera Barat, 86969"
9.36804E+13,Bambang Gunawan,P,23,"Jalan Merdeka No. 98, Kota Banten, Banten, 97273"
9.32311E+15,Siti Saputra,P,89,"Jalan Merdeka No. 36, Kota Sumatera Barat, Sumatera Barat, 31949"
8.69791E+15,Maya Hartono,P,89,"Jalan Gatot Subroto No. 26, Kota Sumatera Utara, Sumatera Utara, 60153"
7.45524E+15,Slamet Sirait,L,43,"Jalan Diponegoro No. 17, Kota DKI Jakarta, DKI Jakarta, 84666"
8.42397E+15,Susan Sirait,L,57,"Jalan Diponegoro No. 73, Kota Sumatera Utara, Sumatera Utara, 75958"
9.76978E+15,Dedi Sirait,P,78,"Jalan Veteran No. 95, Kota Sumatera Utara, Sumatera Utara, 32704"
7.99332E+15,Slamet Hartono,P,71,"Jalan Merdeka No. 65, Kota DKI Jakarta, DKI Jakarta, 30174"
4.39234E+15,Nurul Santoso,L,66,"Jalan Diponegoro No. 57, Kota Jawa Timur, Jawa Timur, 64629"
2.21757E+15,Ani Hidayat,L,47,"Jalan Veteran No. 39, Kota Bali, Bali, 28418"
9.07973E+15,Yuni Pranoto,P,100,"Jalan Merdeka No. 29, Kota DKI Jakarta, DKI Jakarta, 54029"
6.50843E+15,Fitri Susanto,P,52,"Jalan Ahmad Yani No. 100, Kota Sumatera Utara, Sumatera Utara, 22514"
2.35492E+15,Yulio Andriani,P,76,"Jalan Gatot Subroto No. 4, Kota DKI Jakarta, DKI Jakarta, 66943"
6.75898E+15,Ahmad Prasetyo,P,51,"Jalan Ahmad Yani No. 4, Kota Jawa Timur, Jawa Timur, 77081"
2.5955E+15,Erni Kurniawan,P,96,"Jalan Merdeka No. 99, Kota Sumatera Utara, Sumatera Utara, 68611"
3.02635E+15,Adi Kurniawan,P,82,"Jalan Ahmad Yani No. 96, Kota Jawa Barat, Jawa Barat, 72580"
7.30695E+15,Fitri Saputra,P,69,"Jalan Merdeka No. 33, Kota Sumatera Utara, Sumatera Utara, 26262"
2.24576E+15,Rita Susanto,P,84,"Jalan Ahmad Yani No. 57, Kota DKI Jakarta, DKI Jakarta, 81250"
8.33629E+15,Agus Setiawan,L,89,"Jalan Sudirman No. 58, Kota DKI Jakarta, DKI Jakarta, 38339"
3.02395E+15,Dedi Andriani,P,52,"Jalan Diponegoro No. 52, Kota Jawa Tengah, Jawa Tengah, 73711"
6.20304E+15,Yulio Sirait,L,38,"Jalan Veteran No. 81, Kota Bali, Bali, 34634"
6.43831E+15,Hadi Andriani,P,66,"Jalan Veteran No. 78, Kota Banten, Banten, 54638"
5.3954E+15,Erni Wijaya,L,58,"Jalan Gatot Subroto No. 99, Kota Sumatera Barat, Sumatera Barat, 87971"
9.41507E+15,Rina Hartono,L,35,"Jalan Ahmad Yani No. 40, Kota Jawa Timur, Jawa Timur, 25024"
8.04858E+14,Taufik Sirait,P,45,"Jalan Diponegoro No. 63, Kota Sumatera Utara, Sumatera Utara, 72143"
7.60066E+15,Yuni Saputra,L,85,"Jalan Veteran No. 17, Kota Jawa Barat, Jawa Barat, 57148"
9.93793E+15,Hadi Kurniawan,L,21,"Jalan Veteran No. 14, Kota Bali, Bali, 61376"
2.75352E+15,Erni Saputra,L,70,"Jalan Ahmad Yani No. 13, Kota Jawa Timur, Jawa Timur, 16669"
2.60452E+14,Rita Santoso,P,60,"Jalan Gatot Subroto No. 29, Kota Jawa Timur, Jawa Timur, 18518"
7.39942E+15,Hadi Hidayat,L,85,"Jalan Merdeka No. 53, Kota Banten, Banten, 21438"
1.48406E+15,Siti Saputra,L,61,"Jalan Veteran No. 12, Kota DKI Jakarta, DKI Jakarta, 22183"
3.88154E+15,Adi Setiawan,L,44,"Jalan Diponegoro No. 51, Kota DKI Jakarta, DKI Jakarta, 89933"
2.43935E+15,Agus Kurniawan,L,69,"Jalan Ahmad Yani No. 17, Kota Jawa Timur, Jawa Timur, 61296"
8.07915E+15,Bambang Santoso,P,61,"Jalan Gatot Subroto No. 16, Kota Jawa Tengah, Jawa Tengah, 72341"
4.76753E+15,Lia Santoso,P,50,"Jalan Gatot Subroto No. 43, Kota Bali, Bali, 91280"
9.00105E+15,Bambang Gunawan,L,70,"Jalan Sudirman No. 30, Kota Bali, Bali, 28195"
1.06992E+15,Slamet Wijaya,L,42,"Jalan Diponegoro No. 32, Kota Sumatera Utara, Sumatera Utara, 97399"
4.00125E+15,Indah Andriani,P,100,"Jalan Merdeka No. 68, Kota Bali, Bali, 22858"
7.84748E+15,Indah Nugroho,L,100,"Jalan Sudirman No. 77, Kota Banten, Banten, 10685"
7.83984E+15,Rita Susanto,P,65,"Jalan Gatot Subroto No. 19, Kota Jawa Timur, Jawa Timur, 20716"
1.26058E+15,Siti Gunawan,L,60,"Jalan Merdeka No. 72, Kota Bali, Bali, 99106"
5.63482E+15,Wati Pranoto,P,35,"Jalan Gatot Subroto No. 67, Kota Sumatera Utara, Sumatera Utara, 17699"
3.26573E+14,Wati Susanto,P,92,"Jalan Gatot Subroto No. 51, Kota Banten, Banten, 47804"
5.70263E+15,Rini Wijaya,L,39,"Jalan Veteran No. 11, Kota Jawa Barat, Jawa Barat, 67280"
7.09023E+15,Hendro Hartono,P,86,"Jalan Merdeka No. 53, Kota Jawa Timur, Jawa Timur, 36596"
6.38966E+14,Wati Sirait,P,83,"Jalan Diponegoro No. 65, Kota Jawa Tengah, Jawa Tengah, 72515"
3.77922E+15,Fitri Saputra,P,50,"Jalan Sudirman No. 86, Kota Bali, Bali, 66363"
1.55704E+15,Taufik Prasetyo,P,49,"Jalan Diponegoro No. 28, Kota Bali, Bali, 50362"
9.43005E+15,Rini Hartono,L,86,"Jalan Gatot Subroto No. 16, Kota Sumatera Barat, Sumatera Barat, 11188"
3.96341E+14,Rudi Andriani,L,17,"Jalan Gatot Subroto No. 84, Kota Sumatera Barat, Sumatera Barat, 85802"
2.25489E+15,Taufik Saputra,L,27,"Jalan Merdeka No. 43, Kota Sumatera Barat, Sumatera Barat, 63549"
3.79973E+15,Fitri Hutapea,L,62,"Jalan Gatot Subroto No. 95, Kota Jawa Timur, Jawa Timur, 71443"
3.4055E+15,Maya Hartono,P,87,"Jalan Sudirman No. 17, Kota Jawa Barat, Jawa Barat, 70876"
4.33236E+15,Adi Hidayat,L,33,"Jalan Diponegoro No. 61, Kota Sumatera Utara, Sumatera Utara, 36985"
7.07054E+15,Susan Prasetyo,L,57,"Jalan Sudirman No. 78, Kota Jawa Barat, Jawa Barat, 91256"
3.88376E+15,Maya Susanto,P,66,"Jalan Merdeka No. 13, Kota Sumatera Utara, Sumatera Utara, 32477"
5.3306E+15,Rudi Kurniawan,P,75,"Jalan Merdeka No. 51, Kota Jawa Tengah, Jawa Tengah, 85943"
9.06276E+15,Ani Kurniawan,L,96,"Jalan Sudirman No. 84, Kota Jawa Timur, Jawa Timur, 57477"
6.76233E+15,Dedi Setiawan,L,50,"Jalan Veteran No. 100, Kota Jawa Tengah, Jawa Tengah, 69334"
6.69243E+15,Fitri Setiawan,L,60,"Jalan Diponegoro No. 81, Kota Sumatera Utara, Sumatera Utara, 70098"
7.85521E+15,Bambang Hartono,P,64,"Jalan Ahmad Yani No. 49, Kota Sumatera Utara, Sumatera Utara, 51637"
5.76319E+15,Adi Kurniawan,P,78,"Jalan Ahmad Yani No. 3, Kota Bali, Bali, 21203"
5.72758E+15,Yulio Susanto,L,99,"Jalan Gatot Subroto No. 52, Kota Sumatera Utara, Sumatera Utara, 20886"
5.37975E+15,Susan Hutapea,P,70,"Jalan Sudirman No. 64, Kota Jawa Timur, Jawa Timur, 76823"
8.32657E+15,Taufik Hartono,L,35,"Jalan Gatot Subroto No. 31, Kota Sumatera Barat, Sumatera Barat, 36378"
6.77791E+15,Adi Kurniawan,L,73,"Jalan Diponegoro No. 71, Kota Bali, Bali, 75970"
9.01104E+14,Yuni Pranoto,P,40,"Jalan Veteran No. 4, Kota Bali, Bali, 55273"
3.65539E+15,Hendro Hartono,L,74,"Jalan Gatot Subroto No. 97, Kota Jawa Timur, Jawa Timur, 86266"
3.46126E+14,Eko Kurniawan,L,71,"Jalan Sudirman No. 66, Kota Sumatera Utara, Sumatera Utara, 95378"
3.74267E+15,Ani Hutapea,P,18,"Jalan Sudirman No. 72, Kota Sumatera Barat, Sumatera Barat, 62807"
3.31843E+13,Taufik Andriani,P,94,"Jalan Sudirman No. 6, Kota Bali, Bali, 67183"
8.64733E+15,Slamet Prasetyo,P,88,"Jalan Diponegoro No. 57, Kota DKI Jakarta, DKI Jakarta, 61905"
3.49553E+15,Nurul Sirait,L,100,"Jalan Veteran No. 100, Kota DKI Jakarta, DKI Jakarta, 48696"
1.8273E+15,Erni Sirait,L,73,"Jalan Sudirman No. 68, Kota Jawa Timur, Jawa Timur, 19103"
6.29699E+15,Taufik Hidayat,P,80,"Jalan Veteran No. 94, Kota Banten, Banten, 31889"
4.16867E+15,Rudi Setiawan,P,96,"Jalan Veteran No. 60, Kota Bali, Bali, 50469"
2.634E+15,Hendro Hartono,L,70,"Jalan Merdeka No. 3, Kota Jawa Tengah, Jawa Tengah, 63465"
9.04364E+15,Adi Hidayat,P,99,"Jalan Merdeka No. 12, Kota Jawa Tengah, Jawa Tengah, 50478"
8.54448E+15,Maya Santoso,P,26,"Jalan Veteran No. 94, Kota Jawa Timur, Jawa Timur, 90724"
3.23105E+15,Rita Prasetyo,P,26,"Jalan Ahmad Yani No. 62, Kota Sumatera Barat, Sumatera Barat, 85934"
7.48822E+15,Siti Hidayat,P,62,"Jalan Veteran No. 8, Kota Sumatera Barat, Sumatera Barat, 52993"
1.87088E+15,Rudi Setiawan,P,57,"Jalan Gatot Subroto No. 86, Kota Sumatera Barat, Sumatera Barat, 50374"
2.93699E+15,Yuni Susanto,P,100,"Jalan Merdeka No. 37, Kota Jawa Tengah, Jawa Tengah, 65338"
9.95718E+15,Yulio Wijaya,L,47,"Jalan Diponegoro No. 88, Kota Jawa Barat, Jawa Barat, 37307"
7.35775E+15,Hendro Kurniawan,P,69,"Jalan Ahmad Yani No. 38, Kota Jawa Barat, Jawa Barat, 20101"
1.20431E+15,Dewi Andriani,L,100,"Jalan Ahmad Yani No. 97, Kota Bali, Bali, 67413"
4.27245E+15,Indah Santoso,P,89,"Jalan Gatot Subroto No. 47, Kota Sumatera Utara, Sumatera Utara, 17103"
5.0096E+15,Rita Pranoto,L,43,"Jalan Gatot Subroto No. 70, Kota Jawa Timur, Jawa Timur, 64278"
4.24805E+15,Dewi Wijaya,L,33,"Jalan Ahmad Yani No. 63, Kota Sumatera Barat, Sumatera Barat, 27076"
9.49595E+15,Erni Santoso,P,19,"Jalan Merdeka No. 85, Kota Jawa Tengah, Jawa Tengah, 14422"
1.75564E+15,Dewi Hidayat,L,92,"Jalan Merdeka No. 37, Kota Sumatera Barat, Sumatera Barat, 18497"
2.61213E+15,Rudi Saputra,L,30,"Jalan Gatot Subroto No. 97, Kota Jawa Barat, Jawa Barat, 52208"
1.60022E+15,Dewi Pranoto,P,96,"Jalan Gatot Subroto No. 9, Kota Jawa Barat, Jawa Barat, 29616"
5.35378E+15,Adi Santoso,L,90,"Jalan Gatot Subroto No. 76, Kota Bali, Bali, 28657"
5.72136E+14,Rini Hutapea,P,24,"Jalan Ahmad Yani No. 40, Kota DKI Jakarta, DKI Jakarta, 38545"
8.19145E+15,Fitri Santoso,L,76,"Jalan Sudirman No. 15, Kota Sumatera Utara, Sumatera Utara, 16430"
7.14256E+15,Rudi Gunawan,L,48,"Jalan Gatot Subroto No. 63, Kota Sumatera Barat, Sumatera Barat, 70279"
3.57881E+14,Maya Susanto,L,26,"Jalan Merdeka No. 95, Kota Jawa Tengah, Jawa Tengah, 63186"
7.46733E+15,Iwan Kurniawan,L,59,"Jalan Veteran No. 65, Kota Jawa Timur, Jawa Timur, 79664"
7.96862E+13,Adi Santoso,P,82,"Jalan Diponegoro No. 31, Kota Jawa Tengah, Jawa Tengah, 63294"
6.74079E+15,Bambang Wijaya,L,20,"Jalan Sudirman No. 93, Kota Sumatera Utara, Sumatera Utara, 48837"
7.90886E+14,Iwan Sirait,P,24,"Jalan Gatot Subroto No. 51, Kota Sumatera Barat, Sumatera Barat, 96234"
9.1658E+15,Rina Wijaya,P,61,"Jalan Merdeka No. 47, Kota DKI Jakarta, DKI Jakarta, 75304"
9.71556E+15,Hadi Saputra,L,18,"Jalan Veteran No. 53, Kota Jawa Tengah, Jawa Tengah, 42072"
5.60602E+15,Susan Hutapea,L,26,"Jalan Gatot Subroto No. 29, Kota Sumatera Barat, Sumatera Barat, 28205"
7.97998E+15,Yuni Setiawan,L,78,"Jalan Sudirman No. 38, Kota Banten, Banten, 72821"
1.18196E+15,Rudi Hartono,P,85,"Jalan Diponegoro No. 94, Kota Jawa Timur, Jawa Timur, 77135"
7.31042E+15,Indah Nugroho,P,98,"Jalan Sudirman No. 88, Kota Jawa Tengah, Jawa Tengah, 35589"
9.1784E+15,Eko Saputra,P,25,"Jalan Gatot Subroto No. 38, Kota Jawa Tengah, Jawa Tengah, 70979"
8.10924E+15,Fitri Santoso,L,56,"Jalan Diponegoro No. 81, Kota Sumatera Utara, Sumatera Utara, 12817"
3.72409E+15,Agus Prasetyo,L,42,"Jalan Veteran No. 71, Kota DKI Jakarta, DKI Jakarta, 44572"
4.71169E+15,Rini Setiawan,P,79,"Jalan Ahmad Yani No. 53, Kota Bali, Bali, 50753"
9.22456E+13,Adi Hartono,P,30,"Jalan Diponegoro No. 75, Kota Jawa Tengah, Jawa Tengah, 84076"
6.51904E+15,Ahmad Susanto,P,53,"Jalan Diponegoro No. 1, Kota Jawa Barat, Jawa Barat, 84586"
1.09226E+15,Yuni Hutapea,L,96,"Jalan Ahmad Yani No. 58, Kota Banten, Banten, 73607"
6.91279E+15,Hadi Susanto,P,36,"Jalan Veteran No. 43, Kota Jawa Timur, Jawa Timur, 40492"
4.31972E+15,Dewi Gunawan,L,58,"Jalan Sudirman No. 75, Kota Sumatera Barat, Sumatera Barat, 20289"
1.051E+15,Ani Setiawan,P,82,"Jalan Ahmad Yani No. 56, Kota Sumatera Barat, Sumatera Barat, 57581"
4.17695E+15,Maya Sirait,P,25,"Jalan Gatot Subroto No. 67, Kota Jawa Barat, Jawa Barat, 61530"
3.50969E+15,Slamet Hartono,L,42,"Jalan Merdeka No. 33, Kota Jawa Timur, Jawa Timur, 92922"
8.926E+15,Hadi Hutapea,P,54,"Jalan Gatot Subroto No. 32, Kota Sumatera Utara, Sumatera Utara, 75235"
9.93959E+15,Muhammad Wijaya,P,23,"Jalan Sudirman No. 81, Kota Sumatera Barat, Sumatera Barat, 89020"
9.36411E+15,Siti Santoso,P,67,"Jalan Sudirman No. 16, Kota Jawa Timur, Jawa Timur, 32297"
1.49672E+15,Budi Kurniawan,L,89,"Jalan Ahmad Yani No. 22, Kota Banten, Banten, 56103"
3.36162E+15,Ahmad Andriani,P,47,"Jalan Ahmad Yani No. 84, Kota DKI Jakarta, DKI Jakarta, 56563"
8.21538E+15,Rudi Susanto,L,30,"Jalan Diponegoro No. 58, Kota Jawa Barat, Jawa Barat, 10723"
2.96651E+15,Dewi Pranoto,L,53,"Jalan Gatot Subroto No. 18, Kota Sumatera Utara, Sumatera Utara, 42571"
5.74977E+15,Wati Nugroho,L,35,"Jalan Ahmad Yani No. 12, Kota Jawa Timur, Jawa Timur, 53152"
5.50997E+15,Hendro Kurniawan,L,76,"Jalan Veteran No. 22, Kota Jawa Timur, Jawa Timur, 15060"
6.07185E+15,Dedi Hutapea,P,52,"Jalan Veteran No. 98, Kota Jawa Barat, Jawa Barat, 78478"
3.86618E+15,Adi Hidayat,P,38,"Jalan Diponegoro No. 7, Kota DKI Jakarta, DKI Jakarta, 53359"
1.7787E+15,Lia Wijaya,P,47,"Jalan Gatot Subroto No. 26, Kota Banten, Banten, 48691"
3.75197E+14,Ani Pranoto,P,17,"Jalan Merdeka No. 42, Kota Jawa Barat, Jawa Barat, 11457"
1.68692E+15,Nurul Gunawan,L,47,"Jalan Veteran No. 31, Kota Banten, Banten, 82410"
4.93847E+15,Slamet Hutapea,L,24,"Jalan Gatot Subroto No. 7, Kota Jawa Barat, Jawa Barat, 29949"
3.70243E+15,Taufik Saputra,P,61,"Jalan Veteran No. 6, Kota Jawa Tengah, Jawa Tengah, 12559"
6.09902E+15,Rita Setiawan,L,22,"Jalan Veteran No. 90, Kota DKI Jakarta, DKI Jakarta, 29096"
1.10201E+15,Muhammad Saputra,P,35,"Jalan Veteran No. 17, Kota Jawa Barat, Jawa Barat, 17945"
4.91356E+15,Siti Wijaya,P,93,"Jalan Sudirman No. 42, Kota Banten, Banten, 97742"
8.06236E+15,Taufik Hidayat,L,63,"Jalan Ahmad Yani No. 87, Kota Jawa Tengah, Jawa Tengah, 24429"
9.91748E+15,Lia Gunawan,L,95,"Jalan Diponegoro No. 46, Kota Jawa Tengah, Jawa Tengah, 33304"
5.35891E+15,Rina Andriani,L,44,"Jalan Merdeka No. 63, Kota Bali, Bali, 47188"
5.96399E+15,Susan Saputra,P,84,"Jalan Ahmad Yani No. 53, Kota Jawa Tengah, Jawa Tengah, 51204"
7.16075E+15,Hadi Saputra,P,28,"Jalan Merdeka No. 86, Kota Bali, Bali, 26128"
5.28821E+15,Taufik Sirait,P,21,"Jalan Diponegoro No. 79, Kota Jawa Barat, Jawa Barat, 16113"
1.3718E+15,Slamet Setiawan,L,83,"Jalan Gatot Subroto No. 9, Kota Sumatera Barat, Sumatera Barat, 49764"
7.88532E+15,Hendro Gunawan,P,21,"Jalan Diponegoro No. 39, Kota Jawa Tengah, Jawa Tengah, 88477"
8.97259E+15,Maya Nugroho,P,70,"Jalan Sudirman No. 40, Kota DKI Jakarta, DKI Jakarta, 99498"
5.07954E+14,Yuni Hartono,P,85,"Jalan Diponegoro No. 100, Kota Sumatera Barat, Sumatera Barat, 10543"
4.62511E+15,Lia Pranoto,L,40,"Jalan Ahmad Yani No. 23, Kota Bali, Bali, 44211"
6.00582E+15,Fitri Setiawan,L,32,"Jalan Veteran No. 62, Kota Bali, Bali, 18235"
5.85088E+15,Siti Kurniawan,L,84,"Jalan Merdeka No. 55, Kota Jawa Barat, Jawa Barat, 57262"
3.45035E+14,Bambang Andriani,P,68,"Jalan Ahmad Yani No. 58, Kota Jawa Barat, Jawa Barat, 51354"
4.71193E+15,Fitri Hidayat,P,58,"Jalan Ahmad Yani No. 98, Kota Banten, Banten, 46450"
4.20804E+14,Iwan Hartono,P,91,"Jalan Sudirman No. 46, Kota Bali, Bali, 47909"
4.87553E+15,Rini Kurniawan,P,81,"Jalan Diponegoro No. 24, Kota Banten, Banten, 43673"
2.3103E+15,Ani Hartono,P,56,"Jalan Gatot Subroto No. 22, Kota Sumatera Utara, Sumatera Utara, 10380"
5.89677E+15,Taufik Gunawan,L,96,"Jalan Sudirman No. 64, Kota Sumatera Barat, Sumatera Barat, 67848"
6.60917E+15,Maya Kurniawan,P,79,"Jalan Merdeka No. 79, Kota Banten, Banten, 18451"
2.3679E+15,Adi Hartono,L,66,"Jalan Ahmad Yani No. 84, Kota Banten, Banten, 94718"
6.98696E+15,Susan Pranoto,P,38,"Jalan Gatot Subroto No. 23, Kota DKI Jakarta, DKI Jakarta, 22696"
3.16143E+14,Eko Hidayat,L,93,"Jalan Diponegoro No. 1, Kota Sumatera Barat, Sumatera Barat, 33874"
1.21764E+15,Wati Saputra,P,57,"Jalan Sudirman No. 83, Kota Sumatera Utara, Sumatera Utara, 54171"
8.41279E+15,Yulio Hartono,P,35,"Jalan Gatot Subroto No. 72, Kota Banten, Banten, 31715"
3.09316E+15,Rita Sirait,P,27,"Jalan Veteran No. 16, Kota Jawa Tengah, Jawa Tengah, 16397"
8.32152E+15,Iwan Hutapea,L,67,"Jalan Sudirman No. 62, Kota DKI Jakarta, DKI Jakarta, 70272"
6.7642E+14,Hadi Hidayat,P,19,"Jalan Gatot Subroto No. 20, Kota Banten, Banten, 20166"
1.04132E+15,Eko Setiawan,P,94,"Jalan Merdeka No. 46, Kota Jawa Timur, Jawa Timur, 99875"
9.37983E+15,Rita Hidayat,L,79,"Jalan Merdeka No. 4, Kota Jawa Tengah, Jawa Tengah, 30882"
5.23805E+15,Maya Wijaya,P,29,"Jalan Gatot Subroto No. 34, Kota Bali, Bali, 35151"
4.58638E+15,Lia Santoso,L,47,"Jalan Veteran No. 33, Kota Jawa Timur, Jawa Timur, 28159"
7.93447E+15,Budi Susanto,P,83,"Jalan Gatot Subroto No. 20, Kota Banten, Banten, 56719"
9.2352E+15,Adi Hidayat,L,48,"Jalan Veteran No. 74, Kota Jawa Timur, Jawa Timur, 69950"
6.86886E+15,Ani Wijaya,L,80,"Jalan Ahmad Yani No. 41, Kota Sumatera Barat, Sumatera Barat, 86895"
3.325E+14,Susan Susanto,L,47,"Jalan Veteran No. 40, Kota Sumatera Barat, Sumatera Barat, 98659"
1.35456E+15,Bambang Wijaya,L,35,"Jalan Sudirman No. 91, Kota Banten, Banten, 26330"
6.82753E+15,Ani Andriani,P,55,"Jalan Merdeka No. 32, Kota Banten, Banten, 70611"
4.07115E+15,Budi Prasetyo,P,36,"Jalan Diponegoro No. 15, Kota Sumatera Utara, Sumatera Utara, 33542"
8.34099E+14,Ani Hartono,P,58,"Jalan Ahmad Yani No. 62, Kota Banten, Banten, 99707"
1.93423E+15,Rita Pranoto,P,90,"Jalan Ahmad Yani No. 41, Kota Jawa Tengah, Jawa Tengah, 85495"
8.60506E+15,Ani Saputra,L,48,"Jalan Ahmad Yani No. 31, Kota Sumatera Barat, Sumatera Barat, 38194"
3.61309E+15,Susan Saputra,L,73,"Jalan Merdeka No. 100, Kota DKI Jakarta, DKI Jakarta, 20512"
3.89559E+15,Dedi Saputra,P,38,"Jalan Diponegoro No. 10, Kota Sumatera Barat, Sumatera Barat, 88603"
5.41949E+15,Eko Kurniawan,P,38,"Jalan Gatot Subroto No. 24, Kota Jawa Timur, Jawa Timur, 23692"
3.26778E+14,Siti Santoso,P,86,"Jalan Diponegoro No. 11, Kota Jawa Timur, Jawa Timur, 93389"
4.58556E+15,Rini Saputra,P,49,"Jalan Gatot Subroto No. 61, Kota DKI Jakarta, DKI Jakarta, 67655"
6.87385E+15,Nurul Sirait,P,100,"Jalan Sudirman No. 42, Kota Jawa Tengah, Jawa Tengah, 96361"
1.16224E+15,Dewi Hidayat,L,75,"Jalan Sudirman No. 3, Kota Jawa Timur, Jawa Timur, 40372"
7.34283E+15,Siti Pranoto,P,27,"Jalan Veteran No. 58, Kota Banten, Banten, 24479"
4.01641E+15,Lia Kurniawan,L,20,"Jalan Veteran No. 98, Kota DKI Jakarta, DKI Jakarta, 11248"
8.3437E+15,Slamet Kurniawan,P,70,"Jalan Ahmad Yani No. 6, Kota Jawa Barat, Jawa Barat, 43023"
4.54518E+15,Fitri Setiawan,P,26,"Jalan Ahmad Yani No. 36, Kota Jawa Barat, Jawa Barat, 44540"
3.9221E+15,Iwan Santoso,P,81,"Jalan Sudirman No. 67, Kota Jawa Barat, Jawa Barat, 76481"
9.45094E+15,Rini Prasetyo,P,78,"Jalan Sudirman No. 39, Kota Jawa Timur, Jawa Timur, 90793"
1.89934E+15,Budi Sirait,L,59,"Jalan Diponegoro No. 69, Kota Sumatera Utara, Sumatera Utara, 25521"
3.71011E+15,Ahmad Hidayat,L,33,"Jalan Diponegoro No. 56, Kota Sumatera Utara, Sumatera Utara, 82772"
5.24225E+15,Agus Nugroho,L,75,"Jalan Gatot Subroto No. 27, Kota Jawa Tengah, Jawa Tengah, 50176"
2.96818E+15,Slamet Saputra,P,81,"Jalan Veteran No. 37, Kota Jawa Tengah, Jawa Tengah, 93437"
9.07951E+15,Hendro Hutapea,P,52,"Jalan Merdeka No. 64, Kota Sumatera Barat, Sumatera Barat, 25479"
9.17014E+15,Ani Santoso,L,51,"Jalan Veteran No. 81, Kota Jawa Timur, Jawa Timur, 45273"
6.32511E+15,Wati Gunawan,L,51,"Jalan Gatot Subroto No. 28, Kota Banten, Banten, 74999"
5.29893E+15,Hadi Andriani,P,37,"Jalan Veteran No. 76, Kota Jawa Tengah, Jawa Tengah, 19096"
1.20551E+15,Bambang Nugroho,L,73,"Jalan Diponegoro No. 8, Kota Bali, Bali, 25683"
8.8963E+15,Susan Nugroho,P,20,"Jalan Ahmad Yani No. 71, Kota Bali, Bali, 26385"
3.69083E+15,Siti Pranoto,L,74,"Jalan Sudirman No. 2, Kota Jawa Barat, Jawa Barat, 20904"
2.68404E+15,Adi Saputra,L,25,"Jalan Diponegoro No. 54, Kota Sumatera Utara, Sumatera Utara, 92947"
2.15851E+15,Fitri Pranoto,L,57,"Jalan Gatot Subroto No. 92, Kota Sumatera Utara, Sumatera Utara, 12569"
9.70429E+15,Eko Gunawan,P,49,"Jalan Diponegoro No. 63, Kota Jawa Timur, Jawa Timur, 42403"
4.64253E+15,Erni Kurniawan,P,79,"Jalan Diponegoro No. 17, Kota Sumatera Utara, Sumatera Utara, 11532"
2.66284E+15,Adi Hartono,L,18,"Jalan Veteran No. 55, Kota DKI Jakarta, DKI Jakarta, 22299"
1.71039E+15,Bambang Hutapea,L,18,"Jalan Gatot Subroto No. 53, Kota DKI Jakarta, DKI Jakarta, 11476"
9.97845E+15,Indah Gunawan,L,91,"Jalan Diponegoro No. 55, Kota Jawa Timur, Jawa Timur, 78219"
4.27653E+15,Susan Hidayat,P,84,"Jalan Gatot Subroto No. 99, Kota Jawa Timur, Jawa Timur, 14948"
3.56729E+15,Siti Pranoto,P,95,"Jalan Ahmad Yani No. 80, Kota Sumatera Utara, Sumatera Utara, 17672"
5.61031E+15,Taufik Hutapea,P,52,"Jalan Merdeka No. 66, Kota Banten, Banten, 45405"
4.85071E+14,Muhammad Hidayat,P,30,"Jalan Veteran No. 41, Kota Jawa Timur, Jawa Timur, 67391"
6.79877E+15,Hendro Hutapea,L,45,"Jalan Diponegoro No. 89, Kota Sumatera Utara, Sumatera Utara, 16303"
9.82746E+15,Wati Wijaya,L,83,"Jalan Sudirman No. 54, Kota Jawa Tengah, Jawa Tengah, 43341"
7.76599E+15,Yulio Gunawan,P,39,"Jalan Diponegoro No. 98, Kota Jawa Timur, Jawa Timur, 52573"
3.82676E+15,Taufik Saputra,P,34,"Jalan Ahmad Yani No. 84, Kota Jawa Timur, Jawa Timur, 27695"
6.53708E+15,Dewi Setiawan,P,47,"Jalan Ahmad Yani No. 99, Kota Jawa Tengah, Jawa Tengah, 64122"
7.90312E+15,Iwan Susanto,P,89,"Jalan Diponegoro No. 83, Kota Jawa Tengah, Jawa Tengah, 79018"
3.8281E+15,Ahmad Hidayat,L,32,"Jalan Merdeka No. 61, Kota Banten, Banten, 59917"
9.87692E+15,Agus Wijaya,P,94,"Jalan Diponegoro No. 70, Kota Bali, Bali, 70913"
2.22455E+15,Hadi Sirait,L,27,"Jalan Veteran No. 8, Kota Sumatera Utara, Sumatera Utara, 61974"
8.11832E+15,Slamet Sirait,L,87,"Jalan Merdeka No. 6, Kota Bali, Bali, 14109"
9.07206E+15,Agus Susanto,L,26,"Jalan Diponegoro No. 91, Kota Sumatera Utara, Sumatera Utara, 75603"
3.99456E+15,Slamet Wijaya,L,43,"Jalan Merdeka No. 72, Kota Sumatera Utara, Sumatera Utara, 41637"
7.89596E+15,Bambang Nugroho,P,70,"Jalan Ahmad Yani No. 42, Kota Jawa Barat, Jawa Barat, 69917"
4.216E+15,Dedi Santoso,L,86,"Jalan Gatot Subroto No. 24, Kota Banten, Banten, 27028"
3.09221E+15,Ahmad Wijaya,L,85,"Jalan Gatot Subroto No. 58, Kota Jawa Timur, Jawa Timur, 99129"
9.5944E+15,Nurul Hartono,P,49,"Jalan Veteran No. 6, Kota Banten, Banten, 95422"
7.29197E+15,Susan Susanto,L,86,"Jalan Veteran No. 42, Kota DKI Jakarta, DKI Jakarta, 23606"
1.3036E+15,Yuni Santoso,L,25,"Jalan Merdeka No. 72, Kota Sumatera Utara, Sumatera Utara, 27575"
5.56844E+15,Eko Andriani,P,60,"Jalan Diponegoro No. 5, Kota Jawa Timur, Jawa Timur, 20883"
2.23707E+15,Muhammad Nugroho,L,38,"Jalan Ahmad Yani No. 85, Kota Sumatera Barat, Sumatera Barat, 55769"
5.49713E+15,Ani Nugroho,P,63,"Jalan Merdeka No. 95, Kota Jawa Barat, Jawa Barat, 11074"
6.38499E+15,Maya Saputra,L,85,"Jalan Veteran No. 17, Kota Jawa Barat, Jawa Barat, 46661"
1.3207E+15,Agus Hutapea,L,90,"Jalan Sudirman No. 6, Kota Sumatera Utara, Sumatera Utara, 75939"
5.81729E+15,Hendro Susanto,P,32,"Jalan Ahmad Yani No. 9, Kota Bali, Bali, 53746"
1.22002E+15,Yulio Prasetyo,P,67,"Jalan Merdeka No. 53, Kota DKI Jakarta, DKI Jakarta, 63661"
6.41451E+15,Muhammad Andriani,L,99,"Jalan Ahmad Yani No. 71, Kota DKI Jakarta, DKI Jakarta, 26327"
6.37328E+15,Taufik Setiawan,P,35,"Jalan Ahmad Yani No. 13, Kota DKI Jakarta, DKI Jakarta, 41129"
7.34564E+15,Susan Santoso,L,90,"Jalan Merdeka No. 60, Kota Jawa Tengah, Jawa Tengah, 58117"
8.55417E+15,Dedi Setiawan,L,21,"Jalan Veteran No. 5, Kota Jawa Barat, Jawa Barat, 83709"
1.06745E+15,Wati Wijaya,P,32,"Jalan Sudirman No. 32, Kota DKI Jakarta, DKI Jakarta, 83499"
3.0829E+15,Eko Setiawan,P,81,"Jalan Gatot Subroto No. 32, Kota DKI Jakarta, DKI Jakarta, 17373"
6.82342E+15,Lia Prasetyo,P,95,"Jalan Sudirman No. 6, Kota DKI Jakarta, DKI Jakarta, 27610"
4.2674E+15,Rini Setiawan,P,60,"Jalan Sudirman No. 73, Kota Jawa Barat, Jawa Barat, 81201"
4.4759E+15,Rini Pranoto,P,86,"Jalan Gatot Subroto No. 79, Kota Banten, Banten, 66614"
2.1874E+15,Yulio Sirait,L,32,"Jalan Veteran No. 9, Kota Jawa Tengah, Jawa Tengah, 11640"
7.0688E+15,Fitri Wijaya,L,100,"Jalan Merdeka No. 28, Kota DKI Jakarta, DKI Jakarta, 21691"
9.67779E+15,Susan Pranoto,P,91,"Jalan Merdeka No. 37, Kota Bali, Bali, 96506"
6.53224E+15,Hadi Wijaya,L,40,"Jalan Ahmad Yani No. 47, Kota Bali, Bali, 99622"
5.68572E+15,Lia Kurniawan,L,19,"Jalan Sudirman No. 37, Kota Jawa Timur, Jawa Timur, 16599"
4.95021E+15,Muhammad Santoso,P,60,"Jalan Ahmad Yani No. 53, Kota Jawa Tengah, Jawa Tengah, 37635"
3.33532E+15,Agus Hutapea,L,64,"Jalan Ahmad Yani No. 39, Kota Sumatera Utara, Sumatera Utara, 36564"
3.14844E+15,Adi Prasetyo,P,29,"Jalan Sudirman No. 92, Kota Bali, Bali, 62068"
5.55405E+15,Erni Susanto,L,79,"Jalan Diponegoro No. 9, Kota Sumatera Barat, Sumatera Barat, 27811"
1.3764E+15,Budi Nugroho,L,68,"Jalan Diponegoro No. 14, Kota Jawa Tengah, Jawa Tengah, 92691"
6.01772E+15,Budi Prasetyo,L,71,"Jalan Merdeka No. 49, Kota Sumatera Barat, Sumatera Barat, 16093"
6.28249E+15,Wati Susanto,L,30,"Jalan Merdeka No. 42, Kota Sumatera Utara, Sumatera Utara, 95661"
9.33847E+15,Hadi Andriani,L,100,"Jalan Ahmad Yani No. 37, Kota Sumatera Utara, Sumatera Utara, 44776"
4.45678E+14,Taufik Andriani,P,100,"Jalan Diponegoro No. 39, Kota Banten, Banten, 90019"
7.19223E+15,Siti Susanto,P,19,"Jalan Sudirman No. 43, Kota Jawa Timur, Jawa Timur, 50731"
9.4129E+15,Rina Kurniawan,P,45,"Jalan Sudirman No. 16, Kota Jawa Timur, Jawa Timur, 53584"
6.138E+15,Bambang Hutapea,P,72,"Jalan Merdeka No. 54, Kota Banten, Banten, 41229"
1.49609E+15,Bambang Sirait,L,33,"Jalan Diponegoro No. 41, Kota Jawa Barat, Jawa Barat, 29465"
6.69119E+15,Maya Sirait,P,92,"Jalan Sudirman No. 58, Kota Jawa Timur, Jawa Timur, 25252"
2.80539E+15,Erni Sirait,P,73,"Jalan Merdeka No. 58, Kota Jawa Tengah, Jawa Tengah, 85119"
6.80076E+15,Dedi Kurniawan,L,60,"Jalan Sudirman No. 69, Kota Sumatera Barat, Sumatera Barat, 99785"
2.96309E+15,Erni Hidayat,L,93,"Jalan Sudirman No. 82, Kota Banten, Banten, 36567"
7.08113E+15,Wati Prasetyo,P,74,"Jalan Diponegoro No. 92, Kota DKI Jakarta, DKI Jakarta, 90752"
9.77766E+14,Hadi Hutapea,L,93,"Jalan Gatot Subroto No. 35, Kota Sumatera Barat, Sumatera Barat, 86029"
4.63736E+14,Eko Sirait,L,98,"Jalan Veteran No. 33, Kota Jawa Barat, Jawa Barat, 33117"
5.15857E+14,Dewi Susanto,P,34,"Jalan Veteran No. 17, Kota Jawa Tengah, Jawa Tengah, 61769"
1.88956E+14,Rini Wijaya,L,93,"Jalan Ahmad Yani No. 15, Kota Bali, Bali, 13580"
8.68885E+15,Adi Hartono,P,89,"Jalan Gatot Subroto No. 89, Kota Jawa Barat, Jawa Barat, 27068"
9.5645E+15,Siti Susanto,L,51,"Jalan Merdeka No. 97, Kota DKI Jakarta, DKI Jakarta, 83622"
1.0456E+15,Lia Susanto,P,83,"Jalan Diponegoro No. 10, Kota Sumatera Barat, Sumatera Barat, 31481"
7.71235E+15,Dewi Hutapea,L,44,"Jalan Merdeka No. 1, Kota DKI Jakarta, DKI Jakarta, 13071"
5.35098E+15,Fitri Pranoto,P,42,"Jalan Merdeka No. 56, Kota Banten, Banten, 12079"
8.50884E+15,Ani Sirait,L,22,"Jalan Gatot Subroto No. 67, Kota Banten, Banten, 67619"
2.96876E+15,Hendro Gunawan,P,32,"Jalan Diponegoro No. 74, Kota Banten, Banten, 59550"
6.95383E+15,Dewi Setiawan,L,83,"Jalan Ahmad Yani No. 40, Kota Jawa Timur, Jawa Timur, 69688"
7.60652E+15,Budi Hidayat,L,38,"Jalan Gatot Subroto No. 12, Kota Jawa Tengah, Jawa Tengah, 52548"
8.60463E+15,Rita Wijaya,P,83,"Jalan Diponegoro No. 93, Kota DKI Jakarta, DKI Jakarta, 54323"
6.38294E+15,Hadi Wijaya,L,18,"Jalan Sudirman No. 72, Kota Jawa Barat, Jawa Barat, 59553"
6.66822E+15,Fitri Gunawan,L,68,"Jalan Gatot Subroto No. 87, Kota Bali, Bali, 16493"
1.5277E+15,Taufik Andriani,L,40,"Jalan Diponegoro No. 3, Kota DKI Jakarta, DKI Jakarta, 27784"
3.6993E+15,Erni Pranoto,P,95,"Jalan Veteran No. 73, Kota Bali, Bali, 15358"
8.89031E+15,Yulio Prasetyo,L,20,"Jalan Ahmad Yani No. 87, Kota Jawa Tengah, Jawa Tengah, 12331"
1.41686E+15,Rina Setiawan,L,64,"Jalan Diponegoro No. 7, Kota DKI Jakarta, DKI Jakarta, 31153"
5.10992E+15,Taufik Sirait,P,65,"Jalan Veteran No. 43, Kota Banten, Banten, 58374"
3.43835E+14,Rudi Sirait,L,94,"Jalan Veteran No. 81, Kota Jawa Tengah, Jawa Tengah, 64229"
1.95879E+15,Dewi Hutapea,P,49,"Jalan Ahmad Yani No. 16, Kota Bali, Bali, 42095"
3.23808E+15,Wati Wijaya,L,93,"Jalan Diponegoro No. 53, Kota DKI Jakarta, DKI Jakarta, 56452"
7.98482E+15,Rita Wijaya,L,79,"Jalan Veteran No. 8, Kota Jawa Timur, Jawa Timur, 33869"
7.7356E+15,Rini Kurniawan,P,69,"Jalan Diponegoro No. 32, Kota Bali, Bali, 75262"
1.70546E+15,Rini Hidayat,L,19,"Jalan Gatot Subroto No. 54, Kota Jawa Barat, Jawa Barat, 94411"
2.27789E+15,Susan Setiawan,L,54,"Jalan Ahmad Yani No. 36, Kota Sumatera Barat, Sumatera Barat, 84891"
7.57426E+15,Hendro Pranoto,L,100,"Jalan Gatot Subroto No. 11, Kota Jawa Barat, Jawa Barat, 34859"
5.82131E+15,Rudi Susanto,P,81,"Jalan Sudirman No. 39, Kota Sumatera Utara, Sumatera Utara, 38549"
8.14506E+15,Nurul Nugroho,L,75,"Jalan Veteran No. 10, Kota Sumatera Utara, Sumatera Utara, 71878"
4.70768E+15,Taufik Saputra,L,76,"Jalan Ahmad Yani No. 12, Kota Sumatera Barat, Sumatera Barat, 35763"
2.74232E+15,Siti Setiawan,P,49,"Jalan Ahmad Yani No. 19, Kota Jawa Barat, Jawa Barat, 52096"
3.86545E+15,Muhammad Setiawan,L,70,"Jalan Veteran No. 86, Kota Jawa Barat, Jawa Barat, 14819"
4.83063E+15,Iwan Santoso,P,34,"Jalan Sudirman No. 87, Kota Bali, Bali, 77643"
6.93612E+15,Slamet Setiawan,L,29,"Jalan Diponegoro No. 78, Kota Jawa Barat, Jawa Barat, 62167"
8.13197E+15,Rudi Hutapea,P,61,"Jalan Merdeka No. 6, Kota Jawa Barat, Jawa Barat, 65567"
6.92968E+15,Fitri Prasetyo,P,74,"Jalan Gatot Subroto No. 72, Kota Sumatera Barat, Sumatera Barat, 41067"
5.54326E+15,Taufik Hutapea,L,85,"Jalan Gatot Subroto No. 99, Kota Jawa Timur, Jawa Timur, 23915"
7.57453E+15,Rita Prasetyo,L,62,"Jalan Merdeka No. 85, Kota Sumatera Utara, Sumatera Utara, 97597"
8.74266E+15,Maya Wijaya,P,79,"Jalan Merdeka No. 76, Kota Sumatera Utara, Sumatera Utara, 87492"
8.72253E+15,Nurul Pranoto,P,34,"Jalan Sudirman No. 28, Kota Banten, Banten, 89155"
6.40318E+15,Rudi Gunawan,L,54,"Jalan Gatot Subroto No. 40, Kota Sumatera Utara, Sumatera Utara, 50481"
3.96599E+15,Adi Andriani,P,79,"Jalan Sudirman No. 76, Kota Jawa Timur, Jawa Timur, 35398"
6.66741E+15,Agus Saputra,L,45,"Jalan Gatot Subroto No. 93, Kota Banten, Banten, 45463"
4.20981E+15,Hadi Hartono,L,77,"Jalan Merdeka No. 74, Kota DKI Jakarta, DKI Jakarta, 88090"
4.54212E+15,Ani Prasetyo,L,65,"Jalan Gatot Subroto No. 15, Kota Jawa Barat, Jawa Barat, 28465"
7.24146E+15,Iwan Susanto,P,66,"Jalan Diponegoro No. 79, Kota Banten, Banten, 62906"
7.73575E+14,Maya Wijaya,P,67,"Jalan Ahmad Yani No. 35, Kota Sumatera Barat, Sumatera Barat, 43121"
5.07084E+15,Ahmad Susanto,L,82,"Jalan Diponegoro No. 22, Kota Sumatera Barat, Sumatera Barat, 73090"
1.81927E+15,Agus Nugroho,L,19,"Jalan Ahmad Yani No. 83, Kota Banten, Banten, 22556"
8.78943E+15,Hadi Susanto,L,68,"Jalan Merdeka No. 47, Kota Jawa Tengah, Jawa Tengah, 14446"
3.21987E+14,Muhammad Hidayat,L,83,"Jalan Veteran No. 55, Kota Banten, Banten, 32358"
3.0157E+15,Yuni Susanto,L,22,"Jalan Veteran No. 42, Kota Sumatera Utara, Sumatera Utara, 19999"
8.21792E+15,Maya Santoso,L,52,"Jalan Diponegoro No. 30, Kota Jawa Barat, Jawa Barat, 27047"
4.91114E+14,Ahmad Nugroho,P,38,"Jalan Gatot Subroto No. 5, Kota Jawa Tengah, Jawa Tengah, 59596"
2.95535E+15,Rina Prasetyo,P,32,"Jalan Sudirman No. 15, Kota Jawa Timur, Jawa Timur, 99550"
1.9337E+14,Taufik Hutapea,L,74,"Jalan Sudirman No. 88, Kota Jawa Tengah, Jawa Tengah, 91835"
5.55835E+15,Rudi Sirait,L,96,"Jalan Diponegoro No. 19, Kota Sumatera Barat, Sumatera Barat, 65849"
6.36419E+14,Rudi Gunawan,L,30,"Jalan Veteran No. 16, Kota Jawa Barat, Jawa Barat, 56733"
8.88174E+15,Rudi Sirait,P,66,"Jalan Diponegoro No. 29, Kota Bali, Bali, 25256"
7.41234E+15,Slamet Kurniawan,L,30,"Jalan Ahmad Yani No. 60, Kota Jawa Timur, Jawa Timur, 18899"
2.42761E+15,Rini Santoso,P,21,"Jalan Veteran No. 33, Kota Banten, Banten, 91491"
5.93775E+15,Iwan Prasetyo,L,34,"Jalan Diponegoro No. 84, Kota Sumatera Barat, Sumatera Barat, 83431"
9.94775E+15,Maya Sirait,L,75,"Jalan Sudirman No. 55, Kota Sumatera Barat, Sumatera Barat, 51837"
9.65993E+15,Bambang Saputra,P,36,"Jalan Gatot Subroto No. 59, Kota Bali, Bali, 37772"
7.8693E+15,Bambang Gunawan,L,71,"Jalan Gatot Subroto No. 53, Kota Jawa Tengah, Jawa Tengah, 23409"
5.88212E+15,Yuni Hartono,P,68,"Jalan Diponegoro No. 96, Kota Jawa Tengah, Jawa Tengah, 45689"
7.42681E+15,Hendro Sirait,P,51,"Jalan Gatot Subroto No. 100, Kota Sumatera Utara, Sumatera Utara, 25899"
1.53051E+15,Bambang Hutapea,L,99,"Jalan Diponegoro No. 20, Kota Banten, Banten, 20946"
3.31286E+15,Siti Setiawan,P,80,"Jalan Merdeka No. 81, Kota DKI Jakarta, DKI Jakarta, 43812"
1.25041E+15,Dewi Kurniawan,P,75,"Jalan Sudirman No. 44, Kota Jawa Barat, Jawa Barat, 20454"
6.23318E+15,Indah Sirait,P,64,"Jalan Ahmad Yani No. 81, Kota Sumatera Barat, Sumatera Barat, 23017"
9.29384E+15,Indah Setiawan,P,35,"Jalan Veteran No. 48, Kota Jawa Tengah, Jawa Tengah, 61481"
8.35267E+15,Hadi Kurniawan,P,37,"Jalan Gatot Subroto No. 38, Kota Jawa Timur, Jawa Timur, 84082"
4.77101E+15,Hadi Nugroho,P,28,"Jalan Veteran No. 26, Kota Jawa Tengah, Jawa Tengah, 28089"
4.71391E+15,Taufik Hutapea,P,52,"Jalan Gatot Subroto No. 54, Kota Sumatera Utara, Sumatera Utara, 66565"
9.54781E+15,Taufik Pranoto,L,25,"Jalan Veteran No. 53, Kota Sumatera Utara, Sumatera Utara, 20653"
6.66986E+15,Yuni Setiawan,P,95,"Jalan Veteran No. 48, Kota Bali, Bali, 64764"
5.41814E+15,Agus Kurniawan,P,59,"Jalan Ahmad Yani No. 94, Kota Jawa Tengah, Jawa Tengah, 90462"
3.03613E+15,Iwan Nugroho,P,29,"Jalan Sudirman No. 84, Kota Jawa Barat, Jawa Barat, 39575"
8.287E+15,Hendro Setiawan,P,86,"Jalan Sudirman No. 47, Kota Jawa Tengah, Jawa Tengah, 21983"
7.55708E+15,Yulio Andriani,P,80,"Jalan Diponegoro No. 96, Kota Jawa Barat, Jawa Barat, 68780"
3.20753E+14,Hendro Andriani,L,29,"Jalan Ahmad Yani No. 29, Kota Sumatera Barat, Sumatera Barat, 92001"
9.28271E+15,Slamet Hartono,L,55,"Jalan Diponegoro No. 64, Kota Bali, Bali, 49663"
8.64202E+15,Agus Saputra,P,32,"Jalan Sudirman No. 86, Kota Sumatera Barat, Sumatera Barat, 50825"
2.99219E+15,Hendro Andriani,P,51,"Jalan Veteran No. 99, Kota Bali, Bali, 50260"
1.57543E+15,Muhammad Prasetyo,P,83,"Jalan Merdeka No. 71, Kota Bali, Bali, 66387"
2.32383E+15,Indah Nugroho,L,22,"Jalan Sudirman No. 72, Kota Bali, Bali, 70718"
2.24069E+15,Yuni Pranoto,L,84,"Jalan Ahmad Yani No. 1, Kota DKI Jakarta, DKI Jakarta, 88278"
3.20172E+15,Bambang Susanto,L,83,"Jalan Ahmad Yani No. 82, Kota DKI Jakarta, DKI Jakarta, 39418"
6.38688E+15,Muhammad Sirait,P,23,"Jalan Veteran No. 4, Kota Jawa Barat, Jawa Barat, 24837"
8.19601E+15,Rini Hutapea,P,27,"Jalan Sudirman No. 66, Kota Jawa Timur, Jawa Timur, 65837"
6.40708E+15,Nurul Hartono,P,77,"Jalan Ahmad Yani No. 67, Kota Banten, Banten, 32062"
4.63198E+15,Erni Sirait,L,61,"Jalan Veteran No. 96, Kota Banten, Banten, 75758"
9.99595E+15,Wati Hutapea,L,48,"Jalan Merdeka No. 20, Kota Sumatera Barat, Sumatera Barat, 27765"
1.02828E+15,Rita Sirait,P,46,"Jalan Veteran No. 69, Kota Jawa Timur, Jawa Timur, 79450"
4.81132E+15,Maya Sirait,L,48,"Jalan Diponegoro No. 5, Kota Jawa Barat, Jawa Barat, 73846"
2.03424E+15,Maya Wijaya,L,77,"Jalan Ahmad Yani No. 77, Kota Jawa Timur, Jawa Timur, 43446"
3.32004E+15,Erni Andriani,L,88,"Jalan Sudirman No. 50, Kota Jawa Barat, Jawa Barat, 51060"
8.11851E+15,Yuni Prasetyo,P,65,"Jalan Ahmad Yani No. 9, Kota Sumatera Utara, Sumatera Utara, 95785"
1.24182E+15,Ahmad Saputra,P,63,"Jalan Veteran No. 27, Kota DKI Jakarta, DKI Jakarta, 25869"
5.42235E+15,Maya Santoso,P,30,"Jalan Veteran No. 48, Kota Banten, Banten, 16149"
7.62101E+14,Rudi Susanto,P,84,"Jalan Sudirman No. 27, Kota Banten, Banten, 85997"
4.33789E+15,Yulio Saputra,L,52,"Jalan Merdeka No. 28, Kota Jawa Barat, Jawa Barat, 63426"
8.16991E+15,Muhammad Prasetyo,L,36,"Jalan Merdeka No. 43, Kota Sumatera Barat, Sumatera Barat, 89927"
6.20398E+15,Dedi Saputra,P,80,"Jalan Merdeka No. 76, Kota Jawa Timur, Jawa Timur, 23646"
8.69504E+15,Ani Pranoto,P,32,"Jalan Diponegoro No. 40, Kota Jawa Barat, Jawa Barat, 50709"
1.62183E+15,Ahmad Susanto,L,82,"Jalan Diponegoro No. 17, Kota Jawa Timur, Jawa Timur, 11043"
3.2464E+15,Iwan Nugroho,L,82,"Jalan Diponegoro No. 35, Kota Jawa Barat, Jawa Barat, 80547"
1.71868E+15,Wati Hartono,L,71,"Jalan Diponegoro No. 68, Kota Jawa Timur, Jawa Timur, 74878"
6.15816E+15,Adi Santoso,L,73,"Jalan Ahmad Yani No. 51, Kota Bali, Bali, 92220"
1.58055E+15,Lia Hutapea,P,92,"Jalan Diponegoro No. 36, Kota Jawa Timur, Jawa Timur, 57189"
3.33174E+15,Muhammad Nugroho,L,69,"Jalan Sudirman No. 17, Kota Banten, Banten, 81487"
7.09126E+15,Fitri Santoso,P,69,"Jalan Diponegoro No. 97, Kota Jawa Timur, Jawa Timur, 85577"
5.40063E+15,Lia Gunawan,L,56,"Jalan Diponegoro No. 90, Kota Jawa Timur, Jawa Timur, 57704"
9.41731E+15,Eko Saputra,L,88,"Jalan Diponegoro No. 15, Kota Jawa Tengah, Jawa Tengah, 68125"
4.26533E+15,Hadi Pranoto,L,56,"Jalan Merdeka No. 89, Kota Banten, Banten, 45246"
5.17026E+15,Rina Hidayat,P,94,"Jalan Diponegoro No. 60, Kota Banten, Banten, 49884"
9.09482E+15,Lia Setiawan,P,46,"Jalan Veteran No. 37, Kota Jawa Barat, Jawa Barat, 57550"
1.29491E+15,Rudi Hartono,L,39,"Jalan Ahmad Yani No. 19, Kota Banten, Banten, 29115"
9.62257E+15,Maya Wijaya,P,71,"Jalan Merdeka No. 37, Kota Bali, Bali, 33849"
2.51333E+15,Indah Santoso,L,34,"Jalan Ahmad Yani No. 8, Kota Sumatera Barat, Sumatera Barat, 29373"
4.37291E+15,Lia Hartono,L,39,"Jalan Ahmad Yani No. 34, Kota Jawa Barat, Jawa Barat, 40285"
5.28429E+15,Fitri Saputra,L,69,"Jalan Gatot Subroto No. 16, Kota Bali, Bali, 24937"
6.88976E+15,Muhammad Gunawan,L,22,"Jalan Diponegoro No. 80, Kota Sumatera Utara, Sumatera Utara, 12419"
2.92362E+15,Ahmad Kurniawan,L,81,"Jalan Sudirman No. 14, Kota Sumatera Barat, Sumatera Barat, 47488"
2.13997E+15,Susan Saputra,L,98,"Jalan Merdeka No. 49, Kota Jawa Barat, Jawa Barat, 43715"
5.22133E+15,Bambang Setiawan,P,61,"Jalan Diponegoro No. 46, Kota Sumatera Utara, Sumatera Utara, 45458"
4.21219E+15,Bambang Sirait,L,29,"Jalan Ahmad Yani No. 49, Kota Jawa Barat, Jawa Barat, 12943"
2.82412E+15,Yulio Andriani,L,64,"Jalan Merdeka No. 53, Kota Banten, Banten, 53332"
4.1977E+15,Indah Wijaya,L,76,"Jalan Ahmad Yani No. 57, Kota Bali, Bali, 27815"
1.95675E+15,Fitri Santoso,L,28,"Jalan Sudirman No. 25, Kota Jawa Barat, Jawa Barat, 64068"
4.42579E+15,Ani Hutapea,P,20,"Jalan Sudirman No. 72, Kota Sumatera Utara, Sumatera Utara, 29884"
9.54233E+15,Nurul Saputra,P,40,"Jalan Ahmad Yani No. 32, Kota Jawa Barat, Jawa Barat, 38816"
3.1854E+15,Nurul Pranoto,P,95,"Jalan Diponegoro No. 84, Kota Banten, Banten, 18688"
8.22904E+15,Rina Pranoto,P,19,"Jalan Diponegoro No. 59, Kota Jawa Tengah, Jawa Tengah, 94477"
9.65619E+15,Bambang Pranoto,L,54,"Jalan Veteran No. 15, Kota Sumatera Barat, Sumatera Barat, 89683"
7.85593E+14,Indah Hidayat,P,29,"Jalan Ahmad Yani No. 35, Kota Jawa Tengah, Jawa Tengah, 93963"
9.67059E+15,Eko Susanto,P,49,"Jalan Sudirman No. 47, Kota Bali, Bali, 43602"
9.06139E+15,Adi Wijaya,L,35,"Jalan Ahmad Yani No. 9, Kota Sumatera Barat, Sumatera Barat, 92660"
3.77596E+15,Taufik Wijaya,L,76,"Jalan Diponegoro No. 64, Kota Bali, Bali, 17163"
4.83126E+15,Rudi Hidayat,L,93,"Jalan Merdeka No. 35, Kota Banten, Banten, 44751"
1.67201E+15,Ahmad Hartono,P,50,"Jalan Gatot Subroto No. 91, Kota Jawa Barat, Jawa Barat, 95902"
5.71777E+15,Muhammad Susanto,L,43,"Jalan Gatot Subroto No. 17, Kota Banten, Banten, 29985"
4.67521E+15,Budi Sirait,L,70,"Jalan Veteran No. 82, Kota Jawa Timur, Jawa Timur, 67574"
8.49074E+15,Ahmad Hartono,P,95,"Jalan Sudirman No. 62, Kota DKI Jakarta, DKI Jakarta, 43189"
6.14226E+15,Eko Wijaya,P,52,"Jalan Ahmad Yani No. 85, Kota Bali, Bali, 82512"
4.2688E+15,Dedi Gunawan,L,20,"Jalan Veteran No. 88, Kota Bali, Bali, 78509"
8.31647E+15,Bambang Pranoto,L,27,"Jalan Merdeka No. 83, Kota Banten, Banten, 73450"
7.95825E+15,Indah Kurniawan,L,99,"Jalan Ahmad Yani No. 18, Kota Jawa Barat, Jawa Barat, 76626"
6.97092E+15,Muhammad Gunawan,P,38,"Jalan Veteran No. 36, Kota Jawa Tengah, Jawa Tengah, 26546"
6.56512E+15,Iwan Hidayat,L,24,"Jalan Ahmad Yani No. 44, Kota Banten, Banten, 95025"
4.27232E+15,Rini Hartono,P,43,"Jalan Merdeka No. 19, Kota Jawa Timur, Jawa Timur, 12013"
4.09727E+15,Rini Hartono,P,88,"Jalan Sudirman No. 91, Kota Sumatera Barat, Sumatera Barat, 46771"
3.93861E+15,Susan Andriani,P,98,"Jalan Merdeka No. 19, Kota Bali, Bali, 33888"
3.22085E+15,Rini Sirait,P,83,"Jalan Ahmad Yani No. 42, Kota Bali, Bali, 98521"
4.28425E+15,Erni Prasetyo,L,58,"Jalan Ahmad Yani No. 37, Kota Sumatera Barat, Sumatera Barat, 21197"
7.52041E+14,Slamet Gunawan,P,55,"Jalan Merdeka No. 79, Kota Bali, Bali, 49631"
5.73824E+15,Ahmad Wijaya,L,81,"Jalan Veteran No. 51, Kota Jawa Barat, Jawa Barat, 93045"
7.87674E+15,Ani Hutapea,P,91,"Jalan Sudirman No. 60, Kota DKI Jakarta, DKI Jakarta, 80231"
4.09329E+15,Agus Gunawan,P,100,"Jalan Gatot Subroto No. 33, Kota DKI Jakarta, DKI Jakarta, 20022"
3.50392E+15,Siti Wijaya,L,82,"Jalan Merdeka No. 17, Kota DKI Jakarta, DKI Jakarta, 93564"
9.56888E+15,Nurul Hartono,L,25,"Jalan Ahmad Yani No. 93, Kota Sumatera Barat, Sumatera Barat, 99261"
3.3433E+15,Rina Nugroho,P,86,"Jalan Merdeka No. 78, Kota Jawa Timur, Jawa Timur, 57072"
7.99872E+15,Maya Hartono,L,88,"Jalan Sudirman No. 2, Kota Sumatera Barat, Sumatera Barat, 22852"
9.72088E+15,Eko Gunawan,P,79,"Jalan Sudirman No. 47, Kota Banten, Banten, 73262"
2.89345E+14,Dewi Kurniawan,P,51,"Jalan Ahmad Yani No. 79, Kota Sumatera Utara, Sumatera Utara, 92121"
8.3449E+15,Siti Sirait,L,41,"Jalan Diponegoro No. 96, Kota Sumatera Barat, Sumatera Barat, 42632"
8.18419E+15,Dewi Gunawan,L,85,"Jalan Gatot Subroto No. 51, Kota Jawa Tengah, Jawa Tengah, 88591"
6.27078E+15,Slamet Nugroho,P,68,"Jalan Diponegoro No. 64, Kota Jawa Barat, Jawa Barat, 16158"
9.27964E+15,Indah Pranoto,P,89,"Jalan Diponegoro No. 29, Kota Bali, Bali, 69087"
5.69621E+14,Indah Gunawan,P,65,"Jalan Merdeka No. 1, Kota Bali, Bali, 28621"
5.15133E+15,Bambang Andriani,P,35,"Jalan Diponegoro No. 15, Kota Jawa Barat, Jawa Barat, 20680"
8.57941E+15,Dewi Hutapea,L,43,"Jalan Ahmad Yani No. 64, Kota Jawa Timur, Jawa Timur, 99622"
6.65589E+14,Susan Saputra,L,94,"Jalan Diponegoro No. 13, Kota Sumatera Utara, Sumatera Utara, 39460"
9.23846E+15,Yulio Andriani,L,91,"Jalan Veteran No. 74, Kota Jawa Timur, Jawa Timur, 45734"
1.67749E+15,Dewi Gunawan,L,52,"Jalan Diponegoro No. 11, Kota Sumatera Utara, Sumatera Utara, 69678"
3.9277E+15,Wati Saputra,P,71,"Jalan Gatot Subroto No. 98, Kota Jawa Timur, Jawa Timur, 93325"
7.58679E+15,Adi Kurniawan,L,24,"Jalan Veteran No. 18, Kota Jawa Timur, Jawa Timur, 26743"
4.65892E+15,Rina Pranoto,P,79,"Jalan Sudirman No. 7, Kota Sumatera Barat, Sumatera Barat, 17228"
5.97557E+15,Iwan Susanto,P,35,"Jalan Ahmad Yani No. 21, Kota Sumatera Utara, Sumatera Utara, 52343"
8.64007E+15,Hadi Pranoto,L,55,"Jalan Merdeka No. 15, Kota Bali, Bali, 57576"
2.01215E+15,Rini Nugroho,P,62,"Jalan Merdeka No. 91, Kota Bali, Bali, 95769"
1.25115E+15,Susan Kurniawan,P,39,"Jalan Diponegoro No. 91, Kota Sumatera Utara, Sumatera Utara, 81000"
6.61849E+15,Bambang Susanto,L,18,"Jalan Merdeka No. 28, Kota Jawa Tengah, Jawa Tengah, 69351"
3.71E+15,Nurul Santoso,L,96,"Jalan Sudirman No. 97, Kota Jawa Timur, Jawa Timur, 37975"
9.52688E+15,Nurul Setiawan,L,97,"Jalan Gatot Subroto No. 1, Kota Jawa Barat, Jawa Barat, 17795"
2.24647E+15,Eko Wijaya,L,73,"Jalan Ahmad Yani No. 78, Kota Jawa Barat, Jawa Barat, 99556"
8.92523E+15,Ani Santoso,L,89,"Jalan Diponegoro No. 37, Kota Banten, Banten, 48149"
8.10359E+15,Lia Gunawan,P,34,"Jalan Merdeka No. 30, Kota Jawa Timur, Jawa Timur, 51066"
5.86524E+15,Yulio Hidayat,P,33,"Jalan Ahmad Yani No. 6, Kota Jawa Timur, Jawa Timur, 56601"
2.29415E+15,Ahmad Prasetyo,P,53,"Jalan Gatot Subroto No. 22, Kota DKI Jakarta, DKI Jakarta, 64641"
2.11261E+15,Taufik Hartono,P,57,"Jalan Merdeka No. 31, Kota Sumatera Utara, Sumatera Utara, 78209"
4.07928E+15,Wati Prasetyo,P,30,"Jalan Diponegoro No. 50, Kota Sumatera Utara, Sumatera Utara, 52518"
8.63092E+15,Rita Pranoto,L,27,"Jalan Gatot Subroto No. 100, Kota Banten, Banten, 25387"
5.76706E+15,Fitri Santoso,P,43,"Jalan Merdeka No. 50, Kota Banten, Banten, 72131"
8.04748E+15,Hendro Kurniawan,P,85,"Jalan Ahmad Yani No. 6, Kota Jawa Timur, Jawa Timur, 64616"
1.82809E+15,Rita Pranoto,P,24,"Jalan Veteran No. 50, Kota Sumatera Barat, Sumatera Barat, 45097"
4.5026E+15,Ahmad Sirait,P,69,"Jalan Diponegoro No. 65, Kota Jawa Timur, Jawa Timur, 59267"
6.37169E+15,Erni Susanto,L,63,"Jalan Sudirman No. 35, Kota Jawa Timur, Jawa Timur, 74531"
4.17665E+14,Wati Sirait,L,17,"Jalan Diponegoro No. 24, Kota Bali, Bali, 76860"
7.35633E+15,Ani Hidayat,P,18,"Jalan Diponegoro No. 83, Kota Sumatera Utara, Sumatera Utara, 73520"
9.10191E+15,Yulio Santoso,L,18,"Jalan Veteran No. 68, Kota Bali, Bali, 21506"
3.74134E+15,Budi Hidayat,L,89,"Jalan Sudirman No. 98, Kota Jawa Barat, Jawa Barat, 25396"
2.98999E+15,Dewi Prasetyo,L,94,"Jalan Diponegoro No. 17, Kota Sumatera Utara, Sumatera Utara, 62981"
6.4834E+15,Hadi Sirait,L,89,"Jalan Sudirman No. 12, Kota DKI Jakarta, DKI Jakarta, 34347"
6.77753E+15,Iwan Susanto,P,37,"Jalan Sudirman No. 64, Kota Jawa Tengah, Jawa Tengah, 36396"
6.67843E+15,Maya Pranoto,P,58,"Jalan Gatot Subroto No. 92, Kota Jawa Tengah, Jawa Tengah, 66226"
5.59802E+15,Dedi Saputra,P,67,"Jalan Ahmad Yani No. 58, Kota DKI Jakarta, DKI Jakarta, 70733"
1.62733E+15,Ani Hartono,P,32,"Jalan Ahmad Yani No. 61, Kota Jawa Timur, Jawa Timur, 18129"
8.16434E+15,Rina Hartono,L,20,"Jalan Merdeka No. 47, Kota Bali, Bali, 92912"
3.92393E+15,Budi Andriani,P,41,"Jalan Ahmad Yani No. 96, Kota Sumatera Utara, Sumatera Utara, 77478"
9.66241E+15,Fitri Prasetyo,P,99,"Jalan Ahmad Yani No. 53, Kota Jawa Barat, Jawa Barat, 99487"
4.63883E+15,Slamet Hartono,P,18,"Jalan Merdeka No. 3, Kota Jawa Timur, Jawa Timur, 13637"
2.97095E+15,Rina Santoso,P,91,"Jalan Veteran No. 99, Kota Bali, Bali, 97265"
7.13195E+15,Dedi Kurniawan,L,85,"Jalan Merdeka No. 51, Kota Jawa Barat, Jawa Barat, 63636"
2.63795E+15,Dewi Andriani,L,83,"Jalan Ahmad Yani No. 93, Kota Jawa Timur, Jawa Timur, 98142"
9.92737E+15,Hadi Hartono,L,42,"Jalan Sudirman No. 43, Kota Banten, Banten, 33424"
3.13358E+15,Rini Hidayat,P,30,"Jalan Diponegoro No. 44, Kota Sumatera Utara, Sumatera Utara, 82211"
5.01807E+14,Ani Santoso,P,23,"Jalan Veteran No. 50, Kota Sumatera Barat, Sumatera Barat, 43069"
5.40689E+15,Lia Sirait,L,94,"Jalan Veteran No. 80, Kota Sumatera Utara, Sumatera Utara, 22340"
5.0706E+15,Dedi Kurniawan,L,78,"Jalan Ahmad Yani No. 47, Kota Sumatera Utara, Sumatera Utara, 79546"
5.86097E+14,Iwan Sirait,P,66,"Jalan Veteran No. 46, Kota Banten, Banten, 11141"
9.45753E+15,Dedi Wijaya,L,79,"Jalan Ahmad Yani No. 30, Kota Bali, Bali, 99942"
4.64753E+15,Erni Andriani,L,84,"Jalan Merdeka No. 66, Kota Banten, Banten, 21022"
1.29371E+15,Eko Hutapea,P,79,"Jalan Sudirman No. 69, Kota Sumatera Utara, Sumatera Utara, 71854"
1.82636E+14,Dedi Gunawan,P,59,"Jalan Merdeka No. 74, Kota Jawa Timur, Jawa Timur, 28135"
9.25574E+15,Fitri Nugroho,P,68,"Jalan Sudirman No. 96, Kota Sumatera Barat, Sumatera Barat, 45515"
7.24315E+15,Adi Prasetyo,P,92,"Jalan Sudirman No. 73, Kota Banten, Banten, 60192"
9.56329E+14,Bambang Hidayat,P,37,"Jalan Diponegoro No. 92, Kota Jawa Tengah, Jawa Tengah, 21798"
6.70721E+14,Bambang Sirait,P,72,"Jalan Veteran No. 70, Kota Banten, Banten, 11385"
2.90572E+15,Dewi Setiawan,P,76,"Jalan Merdeka No. 75, Kota Sumatera Utara, Sumatera Utara, 35726"
5.85958E+15,Eko Hutapea,L,53,"Jalan Sudirman No. 79, Kota Jawa Tengah, Jawa Tengah, 65089"
7.06958E+15,Susan Hidayat,P,17,"Jalan Ahmad Yani No. 99, Kota Bali, Bali, 10635"
5.82904E+15,Rudi Pranoto,L,39,"Jalan Veteran No. 37, Kota Jawa Barat, Jawa Barat, 63434"
7.62385E+15,Iwan Saputra,L,83,"Jalan Veteran No. 33, Kota Sumatera Barat, Sumatera Barat, 51446"
2.43339E+15,Indah Prasetyo,L,98,"Jalan Gatot Subroto No. 31, Kota Jawa Barat, Jawa Barat, 17282"
3.59345E+15,Ani Wijaya,L,76,"Jalan Sudirman No. 27, Kota Jawa Timur, Jawa Timur, 38153"
5.93423E+15,Rita Sirait,L,79,"Jalan Merdeka No. 97, Kota Jawa Timur, Jawa Timur, 64852"
4.21415E+15,Agus Prasetyo,L,66,"Jalan Sudirman No. 70, Kota Banten, Banten, 19408"
6.51609E+15,Wati Hartono,P,76,"Jalan Diponegoro No. 49, Kota Bali, Bali, 13208"
6.09651E+15,Susan Gunawan,L,62,"Jalan Gatot Subroto No. 69, Kota DKI Jakarta, DKI Jakarta, 59188"
1.14283E+15,Taufik Gunawan,P,66,"Jalan Sudirman No. 58, Kota Jawa Tengah, Jawa Tengah, 76131"
3.92974E+15,Siti Wijaya,L,88,"Jalan Diponegoro No. 25, Kota Jawa Timur, Jawa Timur, 73210"
5.07851E+15,Eko Santoso,L,25,"Jalan Merdeka No. 48, Kota Bali, Bali, 47653"
1.33231E+15,Muhammad Setiawan,L,77,"Jalan Merdeka No. 85, Kota Sumatera Barat, Sumatera Barat, 99544"
8.04193E+15,Budi Nugroho,L,28,"Jalan Merdeka No. 15, Kota Bali, Bali, 13744"
1.30445E+15,Ahmad Andriani,P,51,"Jalan Ahmad Yani No. 18, Kota Sumatera Utara, Sumatera Utara, 68417"
3.3167E+15,Siti Santoso,P,58,"Jalan Diponegoro No. 97, Kota Jawa Timur, Jawa Timur, 69168"
4.5915E+14,Iwan Gunawan,P,65,"Jalan Merdeka No. 87, Kota Sumatera Barat, Sumatera Barat, 63162"
1.67005E+15,Nurul Saputra,P,54,"Jalan Diponegoro No. 49, Kota DKI Jakarta, DKI Jakarta, 35310"
9.16194E+15,Dewi Nugroho,L,93,"Jalan Diponegoro No. 47, Kota Bali, Bali, 10977"
7.93146E+15,Adi Wijaya,L,85,"Jalan Diponegoro No. 61, Kota Bali, Bali, 77307"
3.78776E+15,Ani Nugroho,L,35,"Jalan Diponegoro No. 67, Kota Sumatera Barat, Sumatera Barat, 89358"
9.81328E+15,Rudi Saputra,P,35,"Jalan Diponegoro No. 37, Kota Banten, Banten, 29044"
1.87667E+15,Yuni Susanto,P,46,"Jalan Sudirman No. 13, Kota Banten, Banten, 71052"
3.15308E+15,Ahmad Gunawan,P,33,"Jalan Ahmad Yani No. 10, Kota Bali, Bali, 78738"
8.54789E+15,Ahmad Susanto,L,26,"Jalan Sudirman No. 57, Kota Jawa Tengah, Jawa Tengah, 10824"
7.51537E+15,Nurul Wijaya,P,69,"Jalan Ahmad Yani No. 92, Kota Jawa Barat, Jawa Barat, 84689"
6.38567E+15,Dedi Nugroho,P,56,"Jalan Ahmad Yani No. 8, Kota Sumatera Utara, Sumatera Utara, 75895"
7.23223E+15,Ani Wijaya,P,61,"Jalan Ahmad Yani No. 69, Kota Sumatera Utara, Sumatera Utara, 25656"
5.83137E+15,Ahmad Wijaya,P,77,"Jalan Sudirman No. 87, Kota DKI Jakarta, DKI Jakarta, 90407"
2.75367E+15,Rudi Pranoto,L,58,"Jalan Ahmad Yani No. 18, Kota Sumatera Utara, Sumatera Utara, 73398"
2.10625E+15,Rina Gunawan,P,52,"Jalan Diponegoro No. 91, Kota Sumatera Barat, Sumatera Barat, 26510"
5.49849E+15,Fitri Susanto,P,47,"Jalan Merdeka No. 51, Kota Sumatera Utara, Sumatera Utara, 30353"
9.75102E+15,Hadi Wijaya,P,96,"Jalan Merdeka No. 37, Kota Jawa Timur, Jawa Timur, 41594"
3.86896E+15,Erni Sirait,L,25,"Jalan Sudirman No. 55, Kota Sumatera Barat, Sumatera Barat, 53583"
4.83564E+15,Yuni Hartono,P,35,"Jalan Diponegoro No. 30, Kota Bali, Bali, 19129"
9.93622E+15,Ani Saputra,L,66,"Jalan Sudirman No. 46, Kota DKI Jakarta, DKI Jakarta, 83333"
8.795E+15,Ani Andriani,P,92,"Jalan Ahmad Yani No. 20, Kota Sumatera Utara, Sumatera Utara, 48893"
6.59357E+15,Fitri Gunawan,P,60,"Jalan Merdeka No. 60, Kota DKI Jakarta, DKI Jakarta, 39528"
1.93738E+15,Budi Hidayat,P,64,"Jalan Sudirman No. 84, Kota Sumatera Utara, Sumatera Utara, 69231"
4.0593E+15,Hendro Santoso,P,66,"Jalan Ahmad Yani No. 74, Kota Sumatera Barat, Sumatera Barat, 97394"
4.64247E+15,Agus Hartono,L,24,"Jalan Diponegoro No. 90, Kota DKI Jakarta, DKI Jakarta, 75156"
1.10955E+15,Rudi Wijaya,P,35,"Jalan Sudirman No. 38, Kota Bali, Bali, 81306"
5.2562E+15,Ahmad Setiawan,L,28,"Jalan Gatot Subroto No. 18, Kota Sumatera Barat, Sumatera Barat, 28354"
3.93931E+15,Yuni Kurniawan,L,63,"Jalan Veteran No. 16, Kota DKI Jakarta, DKI Jakarta, 52706"
9.09223E+15,Erni Setiawan,L,35,"Jalan Veteran No. 51, Kota Jawa Barat, Jawa Barat, 22095"
5.1396E+15,Rita Susanto,L,34,"Jalan Ahmad Yani No. 93, Kota Sumatera Utara, Sumatera Utara, 31882"
5.2519E+15,Taufik Pranoto,L,53,"Jalan Merdeka No. 56, Kota DKI Jakarta, DKI Jakarta, 66513"
4.94328E+15,Ahmad Pranoto,L,79,"Jalan Diponegoro No. 2, Kota Jawa Timur, Jawa Timur, 29001"
1.19001E+15,Rudi Wijaya,L,31,"Jalan Merdeka No. 33, Kota Bali, Bali, 50285"
5.94623E+15,Hadi Nugroho,P,48,"Jalan Sudirman No. 82, Kota Jawa Barat, Jawa Barat, 39304"
2.25959E+15,Maya Prasetyo,P,36,"Jalan Gatot Subroto No. 66, Kota Sumatera Barat, Sumatera Barat, 51372"
3.59437E+15,Hadi Susanto,L,63,"Jalan Sudirman No. 31, Kota Sumatera Utara, Sumatera Utara, 43898"
9.69942E+15,Eko Sirait,P,56,"Jalan Merdeka No. 9, Kota Sumatera Utara, Sumatera Utara, 38275"
4.49921E+15,Rini Prasetyo,L,61,"Jalan Ahmad Yani No. 12, Kota Sumatera Barat, Sumatera Barat, 46317"
1.65447E+15,Susan Pranoto,L,60,"Jalan Diponegoro No. 62, Kota Jawa Tengah, Jawa Tengah, 46306"
7.99292E+15,Bambang Saputra,L,72,"Jalan Merdeka No. 73, Kota Jawa Barat, Jawa Barat, 55517"
3.16732E+15,Dedi Andriani,L,46,"Jalan Merdeka No. 31, Kota Sumatera Barat, Sumatera Barat, 18101"
7.42337E+15,Susan Prasetyo,P,39,"Jalan Gatot Subroto No. 2, Kota Jawa Timur, Jawa Timur, 70373"
3.81276E+15,Fitri Andriani,P,28,"Jalan Gatot Subroto No. 27, Kota Banten, Banten, 40685"
8.78193E+15,Ani Saputra,P,96,"Jalan Veteran No. 75, Kota Bali, Bali, 21622"
4.54651E+15,Rudi Pranoto,L,46,"Jalan Diponegoro No. 49, Kota Jawa Barat, Jawa Barat, 64941"
1.3373E+15,Bambang Andriani,P,74,"Jalan Sudirman No. 11, Kota Jawa Tengah, Jawa Tengah, 23346"
1.9867E+14,Bambang Prasetyo,L,20,"Jalan Veteran No. 41, Kota Bali, Bali, 12724"
3.36177E+15,Rita Andriani,P,37,"Jalan Ahmad Yani No. 10, Kota Jawa Tengah, Jawa Tengah, 94827"
1.96007E+15,Siti Andriani,P,48,"Jalan Gatot Subroto No. 95, Kota Bali, Bali, 15200"
5.26226E+15,Rudi Santoso,L,20,"Jalan Veteran No. 96, Kota Jawa Barat, Jawa Barat, 75859"
2.51527E+15,Dewi Saputra,P,50,"Jalan Veteran No. 28, Kota Jawa Tengah, Jawa Tengah, 90427"
9.40824E+14,Dewi Gunawan,P,92,"Jalan Ahmad Yani No. 37, Kota Banten, Banten, 34120"
8.89044E+15,Indah Hutapea,P,70,"Jalan Merdeka No. 100, Kota Sumatera Barat, Sumatera Barat, 44720"
4.58872E+14,Rina Nugroho,P,28,"Jalan Ahmad Yani No. 40, Kota DKI Jakarta, DKI Jakarta, 71335"
7.41725E+15,Wati Prasetyo,L,58,"Jalan Gatot Subroto No. 44, Kota Sumatera Utara, Sumatera Utara, 38527"
5.47385E+15,Slamet Hartono,L,46,"Jalan Sudirman No. 10, Kota Jawa Barat, Jawa Barat, 29226"
8.11754E+15,Siti Kurniawan,P,88,"Jalan Veteran No. 24, Kota Jawa Barat, Jawa Barat, 53305"
5.08396E+15,Ahmad Setiawan,P,57,"Jalan Sudirman No. 12, Kota Sumatera Utara, Sumatera Utara, 64145"
5.43109E+15,Muhammad Nugroho,P,43,"Jalan Ahmad Yani No. 47, Kota DKI Jakarta, DKI Jakarta, 13917"
7.01971E+15,Yulio Hutapea,L,59,"Jalan Gatot Subroto No. 80, Kota Sumatera Barat, Sumatera Barat, 45255"
9.67117E+15,Indah Hartono,P,80,"Jalan Gatot Subroto No. 74, Kota Jawa Barat, Jawa Barat, 91019"
6.38524E+15,Yulio Setiawan,P,57,"Jalan Veteran No. 98, Kota DKI Jakarta, DKI Jakarta, 58646"
9.63557E+15,Bambang Hutapea,P,80,"Jalan Diponegoro No. 16, Kota Bali, Bali, 91192"
1.76906E+13,Ani Hidayat,L,93,"Jalan Gatot Subroto No. 73, Kota Sumatera Barat, Sumatera Barat, 10697"
3.89767E+15,Rini Hartono,P,33,"Jalan Ahmad Yani No. 30, Kota Sumatera Barat, Sumatera Barat, 33295"
8.47105E+15,Iwan Prasetyo,P,33,"Jalan Diponegoro No. 67, Kota Jawa Timur, Jawa Timur, 24055"
5.53076E+15,Ani Pranoto,P,35,"Jalan Veteran No. 87, Kota Jawa Timur, Jawa Timur, 10611"
3.69896E+15,Iwan Wijaya,L,33,"Jalan Sudirman No. 69, Kota Jawa Barat, Jawa Barat, 88406"
8.62269E+15,Budi Pranoto,P,86,"Jalan Sudirman No. 8, Kota Banten, Banten, 27356"
8.24456E+15,Ahmad Hidayat,P,50,"Jalan Veteran No. 30, Kota Banten, Banten, 90378"
6.35733E+15,Dedi Hartono,L,95,"Jalan Ahmad Yani No. 15, Kota Banten, Banten, 61084"
6.2745E+15,Rina Wijaya,L,21,"Jalan Merdeka No. 23, Kota Sumatera Utara, Sumatera Utara, 61058"
5.53946E+15,Yuni Sirait,P,87,"Jalan Gatot Subroto No. 11, Kota DKI Jakarta, DKI Jakarta, 21630"
9.85951E+15,Ahmad Setiawan,P,98,"Jalan Ahmad Yani No. 15, Kota Jawa Barat, Jawa Barat, 55165"
9.77794E+14,Ani Nugroho,L,54,"Jalan Diponegoro No. 45, Kota DKI Jakarta, DKI Jakarta, 61283"
6.95209E+15,Ahmad Saputra,P,94,"Jalan Diponegoro No. 31, Kota Sumatera Barat, Sumatera Barat, 55999"
2.1094E+15,Erni Hartono,L,54,"Jalan Gatot Subroto No. 20, Kota Banten, Banten, 98573"
4.88667E+15,Indah Santoso,L,93,"Jalan Sudirman No. 16, Kota Sumatera Utara, Sumatera Utara, 22845"
4.64429E+15,Yuni Hutapea,P,75,"Jalan Gatot Subroto No. 62, Kota Jawa Timur, Jawa Timur, 64596"
6.30058E+13,Susan Saputra,L,91,"Jalan Ahmad Yani No. 58, Kota Jawa Timur, Jawa Timur, 45955"
3.57642E+13,Yulio Gunawan,P,50,"Jalan Sudirman No. 87, Kota DKI Jakarta, DKI Jakarta, 76219"
2.05926E+15,Slamet Santoso,P,69,"Jalan Sudirman No. 94, Kota Jawa Barat, Jawa Barat, 68478"
9.66259E+15,Slamet Wijaya,L,79,"Jalan Sudirman No. 11, Kota DKI Jakarta, DKI Jakarta, 35227"
7.7159E+15,Rini Gunawan,L,83,"Jalan Ahmad Yani No. 36, Kota Banten, Banten, 29454"
1.53305E+15,Agus Santoso,L,43,"Jalan Sudirman No. 37, Kota Sumatera Barat, Sumatera Barat, 90094"
5.46794E+15,Budi Nugroho,L,21,"Jalan Ahmad Yani No. 92, Kota Sumatera Utara, Sumatera Utara, 38652"
3.20364E+15,Yulio Hartono,P,64,"Jalan Veteran No. 10, Kota Sumatera Barat, Sumatera Barat, 39145"
9.50558E+15,Rina Saputra,P,23,"Jalan Merdeka No. 78, Kota Jawa Timur, Jawa Timur, 54202"
2.14202E+15,Siti Nugroho,P,33,"Jalan Sudirman No. 15, Kota Jawa Barat, Jawa Barat, 44793"
8.53428E+15,Bambang Hutapea,L,94,"Jalan Merdeka No. 27, Kota Jawa Timur, Jawa Timur, 53291"
8.82218E+15,Budi Prasetyo,L,80,"Jalan Sudirman No. 91, Kota Jawa Timur, Jawa Timur, 26388"
1.54225E+15,Rini Sirait,P,46,"Jalan Veteran No. 40, Kota DKI Jakarta, DKI Jakarta, 47946"
4.1953E+15,Wati Gunawan,P,74,"Jalan Merdeka No. 43, Kota DKI Jakarta, DKI Jakarta, 78887"
4.1821E+15,Slamet Pranoto,P,96,"Jalan Veteran No. 83, Kota Banten, Banten, 98925"
1.21989E+15,Nurul Hartono,P,64,"Jalan Sudirman No. 51, Kota Jawa Tengah, Jawa Tengah, 69743"
9.13235E+15,Indah Hutapea,P,83,"Jalan Gatot Subroto No. 52, Kota Jawa Timur, Jawa Timur, 26551"
1.32218E+15,Lia Susanto,P,86,"Jalan Veteran No. 33, Kota Banten, Banten, 46916"
9.8477E+14,Adi Nugroho,L,35,"Jalan Ahmad Yani No. 32, Kota DKI Jakarta, DKI Jakarta, 85136"
4.26049E+15,Wati Nugroho,L,92,"Jalan Merdeka No. 13, Kota Sumatera Barat, Sumatera Barat, 31417"
1.255E+15,Bambang Saputra,P,85,"Jalan Sudirman No. 27, Kota Bali, Bali, 42193"
3.89223E+15,Hendro Gunawan,L,43,"Jalan Ahmad Yani No. 76, Kota Banten, Banten, 63758"
1.53569E+15,Ani Sirait,P,77,"Jalan Ahmad Yani No. 94, Kota Jawa Tengah, Jawa Tengah, 39935"
3.50354E+15,Siti Wijaya,L,34,"Jalan Gatot Subroto No. 63, Kota Jawa Tengah, Jawa Tengah, 33541"
4.41003E+15,Wati Kurniawan,P,68,"Jalan Veteran No. 2, Kota Jawa Timur, Jawa Timur, 98182"
3.05493E+15,Dedi Setiawan,L,57,"Jalan Diponegoro No. 90, Kota Sumatera Barat, Sumatera Barat, 18193"
8.68191E+15,Dedi Saputra,P,90,"Jalan Sudirman No. 100, Kota Jawa Barat, Jawa Barat, 79502"
5.74452E+15,Maya Hidayat,L,47,"Jalan Ahmad Yani No. 82, Kota Banten, Banten, 11488"
5.7848E+15,Hadi Nugroho,L,50,"Jalan Merdeka No. 4, Kota Sumatera Barat, Sumatera Barat, 57707"
6.23564E+15,Rini Saputra,L,23,"Jalan Merdeka No. 4, Kota Banten, Banten, 89169"
3.30874E+15,Muhammad Prasetyo,L,60,"Jalan Sudirman No. 53, Kota Jawa Tengah, Jawa Tengah, 65075"
4.67265E+15,Susan Sirait,P,81,"Jalan Veteran No. 73, Kota Banten, Banten, 70378"
6.23617E+12,Nurul Susanto,L,39,"Jalan Diponegoro No. 25, Kota DKI Jakarta, DKI Jakarta, 46175"
4.40363E+15,Yulio Santoso,L,19,"Jalan Sudirman No. 93, Kota Banten, Banten, 24350"
6.0155E+15,Siti Pranoto,P,66,"Jalan Merdeka No. 9, Kota Jawa Barat, Jawa Barat, 24217"
9.92457E+15,Taufik Prasetyo,L,56,"Jalan Diponegoro No. 25, Kota Jawa Tengah, Jawa Tengah, 14760"
7.12727E+15,Yulio Andriani,P,81,"Jalan Ahmad Yani No. 49, Kota Jawa Barat, Jawa Barat, 13673"
2.03271E+15,Agus Hidayat,L,75,"Jalan Gatot Subroto No. 48, Kota DKI Jakarta, DKI Jakarta, 28971"
1.19126E+15,Slamet Sirait,P,52,"Jalan Merdeka No. 80, Kota Jawa Timur, Jawa Timur, 95432"
8.69029E+15,Iwan Pranoto,L,68,"Jalan Diponegoro No. 62, Kota Banten, Banten, 88276"
9.04436E+14,Hendro Saputra,P,64,"Jalan Veteran No. 50, Kota Sumatera Barat, Sumatera Barat, 59306"
7.01835E+15,Fitri Pranoto,P,74,"Jalan Diponegoro No. 90, Kota Bali, Bali, 73012"
9.08113E+15,Indah Sirait,L,87,"Jalan Ahmad Yani No. 81, Kota Banten, Banten, 81410"
1.95463E+15,Iwan Hutapea,P,37,"Jalan Gatot Subroto No. 92, Kota Jawa Tengah, Jawa Tengah, 82167"
6.74799E+15,Nurul Andriani,P,40,"Jalan Sudirman No. 42, Kota Sumatera Barat, Sumatera Barat, 48990"
8.06325E+15,Adi Prasetyo,P,51,"Jalan Gatot Subroto No. 63, Kota Jawa Tengah, Jawa Tengah, 77771"
8.62679E+15,Lia Kurniawan,P,24,"Jalan Merdeka No. 16, Kota Jawa Tengah, Jawa Tengah, 71002"
9.65805E+15,Muhammad Prasetyo,L,39,"Jalan Diponegoro No. 2, Kota DKI Jakarta, DKI Jakarta, 12767"
7.58816E+14,Siti Hutapea,P,67,"Jalan Gatot Subroto No. 3, Kota Sumatera Barat, Sumatera Barat, 23722"
9.68972E+15,Erni Andriani,L,36,"Jalan Sudirman No. 34, Kota Jawa Timur, Jawa Timur, 16237"
5.48291E+15,Bambang Santoso,L,55,"Jalan Veteran No. 84, Kota DKI Jakarta, DKI Jakarta, 29068"
3.73128E+15,Wati Sirait,L,94,"Jalan Diponegoro No. 26, Kota Sumatera Barat, Sumatera Barat, 20587"
3.42872E+14,Lia Prasetyo,L,83,"Jalan Sudirman No. 12, Kota Sumatera Barat, Sumatera Barat, 41851"
6.30149E+15,Bambang Pranoto,P,27,"Jalan Veteran No. 80, Kota Jawa Barat, Jawa Barat, 37913"
5.59957E+15,Dewi Susanto,P,40,"Jalan Veteran No. 41, Kota DKI Jakarta, DKI Jakarta, 25702"
7.99188E+15,Hendro Gunawan,P,44,"Jalan Diponegoro No. 85, Kota Bali, Bali, 39286"
8.13519E+15,Dedi Hidayat,L,57,"Jalan Ahmad Yani No. 12, Kota Jawa Tengah, Jawa Tengah, 85093"
7.45372E+15,Agus Setiawan,L,75,"Jalan Diponegoro No. 28, Kota DKI Jakarta, DKI Jakarta, 23798"
4.81608E+15,Rita Hidayat,L,48,"Jalan Sudirman No. 25, Kota Jawa Tengah, Jawa Tengah, 50693"
9.47344E+15,Susan Saputra,P,79,"Jalan Gatot Subroto No. 23, Kota Jawa Barat, Jawa Barat, 32029"
3.9896E+15,Erni Hartono,L,50,"Jalan Sudirman No. 30, Kota Jawa Barat, Jawa Barat, 90572"
7.30676E+15,Wati Hidayat,P,79,"Jalan Sudirman No. 10, Kota Jawa Tengah, Jawa Tengah, 30176"
1.56043E+14,Maya Wijaya,P,23,"Jalan Diponegoro No. 19, Kota Sumatera Barat, Sumatera Barat, 63917"
9.67241E+15,Siti Hutapea,P,21,"Jalan Gatot Subroto No. 21, Kota Jawa Barat, Jawa Barat, 63039"
9.05744E+15,Siti Prasetyo,P,92,"Jalan Gatot Subroto No. 77, Kota Bali, Bali, 28379"
5.52339E+15,Rini Andriani,P,49,"Jalan Diponegoro No. 21, Kota Jawa Tengah, Jawa Tengah, 85611"
8.32568E+15,Erni Wijaya,P,31,"Jalan Sudirman No. 12, Kota Banten, Banten, 28164"
8.69767E+13,Agus Hutapea,L,25,"Jalan Sudirman No. 12, Kota Jawa Tengah, Jawa Tengah, 60453"
6.04542E+15,Yuni Hidayat,L,17,"Jalan Sudirman No. 100, Kota Jawa Barat, Jawa Barat, 75485"
5.28439E+15,Eko Prasetyo,L,36,"Jalan Merdeka No. 53, Kota Jawa Barat, Jawa Barat, 62235"
4.90842E+15,Iwan Setiawan,P,36,"Jalan Veteran No. 86, Kota Banten, Banten, 92681"
2.71342E+15,Dewi Hutapea,P,57,"Jalan Veteran No. 41, Kota Jawa Tengah, Jawa Tengah, 87091"
9.23241E+15,Hadi Saputra,L,89,"Jalan Veteran No. 10, Kota Sumatera Barat, Sumatera Barat, 73596"
3.74014E+15,Fitri Pranoto,L,38,"Jalan Merdeka No. 36, Kota Jawa Tengah, Jawa Tengah, 71526"
2.98896E+15,Dewi Wijaya,L,93,"Jalan Gatot Subroto No. 83, Kota Jawa Timur, Jawa Timur, 55316"
6.99837E+15,Dedi Wijaya,L,36,"Jalan Veteran No. 81, Kota Sumatera Utara, Sumatera Utara, 79302"
3.57042E+15,Iwan Susanto,L,92,"Jalan Ahmad Yani No. 97, Kota Banten, Banten, 49204"
8.35572E+15,Rita Gunawan,L,98,"Jalan Veteran No. 45, Kota Sumatera Utara, Sumatera Utara, 57803"
5.03599E+14,Adi Andriani,L,36,"Jalan Diponegoro No. 96, Kota Sumatera Utara, Sumatera Utara, 86564"
6.1263E+15,Hendro Susanto,P,100,"Jalan Diponegoro No. 52, Kota Jawa Tengah, Jawa Tengah, 13886"
2.12809E+15,Agus Kurniawan,L,45,"Jalan Veteran No. 66, Kota Sumatera Utara, Sumatera Utara, 68398"
2.71831E+15,Agus Pranoto,L,74,"Jalan Sudirman No. 66, Kota Banten, Banten, 65680"
5.6509E+15,Hadi Wijaya,P,75,"Jalan Ahmad Yani No. 8, Kota Sumatera Barat, Sumatera Barat, 57775"
2.62698E+15,Hadi Hartono,P,79,"Jalan Merdeka No. 15, Kota Bali, Bali, 84326"
2.52714E+15,Wati Nugroho,P,71,"Jalan Merdeka No. 86, Kota Jawa Barat, Jawa Barat, 15343"
8.01122E+15,Dedi Santoso,L,35,"Jalan Merdeka No. 38, Kota Sumatera Barat, Sumatera Barat, 29242"
7.22789E+15,Erni Saputra,L,99,"Jalan Veteran No. 44, Kota DKI Jakarta, DKI Jakarta, 18908"
1.95985E+15,Dewi Saputra,L,27,"Jalan Merdeka No. 95, Kota Bali, Bali, 46153"
1.26788E+15,Susan Kurniawan,L,92,"Jalan Gatot Subroto No. 86, Kota Jawa Barat, Jawa Barat, 21096"
4.17681E+15,Muhammad Hidayat,P,26,"Jalan Ahmad Yani No. 30, Kota DKI Jakarta, DKI Jakarta, 70937"
3.86287E+15,Budi Hutapea,P,27,"Jalan Veteran No. 61, Kota DKI Jakarta, DKI Jakarta, 79067"
1.15091E+15,Erni Hartono,P,26,"Jalan Veteran No. 30, Kota Bali, Bali, 39037"
5.48336E+14,Susan Hartono,L,31,"Jalan Ahmad Yani No. 4, Kota Sumatera Utara, Sumatera Utara, 64591"
8.25607E+15,Wati Sirait,L,29,"Jalan Ahmad Yani No. 99, Kota DKI Jakarta, DKI Jakarta, 30579"
1.75191E+15,Bambang Saputra,P,45,"Jalan Veteran No. 23, Kota Banten, Banten, 62388"
4.35774E+15,Hadi Hidayat,L,58,"Jalan Sudirman No. 27, Kota Jawa Tengah, Jawa Tengah, 91680"
4.96718E+15,Bambang Pranoto,P,85,"Jalan Gatot Subroto No. 98, Kota Jawa Tengah, Jawa Tengah, 79679"
1.81196E+15,Yuni Susanto,L,42,"Jalan Veteran No. 5, Kota Banten, Banten, 99981"
7.86041E+15,Hadi Wijaya,L,44,"Jalan Merdeka No. 74, Kota Sumatera Utara, Sumatera Utara, 73177"
1.22227E+15,Lia Hidayat,P,89,"Jalan Sudirman No. 48, Kota Bali, Bali, 42035"
6.50592E+15,Fitri Hutapea,L,66,"Jalan Sudirman No. 76, Kota Jawa Barat, Jawa Barat, 24237"
3.4076E+15,Taufik Susanto,L,44,"Jalan Gatot Subroto No. 33, Kota Sumatera Utara, Sumatera Utara, 64788"
3.45913E+15,Ani Andriani,L,83,"Jalan Veteran No. 25, Kota Jawa Tengah, Jawa Tengah, 97305"
1.76301E+15,Adi Hartono,L,62,"Jalan Ahmad Yani No. 99, Kota Jawa Timur, Jawa Timur, 44669"
7.89452E+15,Fitri Sirait,L,59,"Jalan Merdeka No. 9, Kota Sumatera Utara, Sumatera Utara, 84585"
9.94036E+15,Ahmad Saputra,L,80,"Jalan Sudirman No. 5, Kota Banten, Banten, 87171"
3.93124E+15,Ani Wijaya,P,20,"Jalan Ahmad Yani No. 78, Kota Sumatera Barat, Sumatera Barat, 95293"
1.53466E+15,Ahmad Prasetyo,P,82,"Jalan Ahmad Yani No. 59, Kota Jawa Barat, Jawa Barat, 46549"
3.25345E+14,Wati Pranoto,L,59,"Jalan Veteran No. 36, Kota Jawa Timur, Jawa Timur, 96828"
3.40379E+15,Iwan Hutapea,P,73,"Jalan Sudirman No. 13, Kota Jawa Timur, Jawa Timur, 99793"
9.32388E+15,Maya Hidayat,L,61,"Jalan Veteran No. 13, Kota Jawa Timur, Jawa Timur, 47048"
9.82962E+15,Eko Gunawan,L,83,"Jalan Gatot Subroto No. 49, Kota Sumatera Utara, Sumatera Utara, 36728"
4.10908E+15,Iwan Kurniawan,P,80,"Jalan Diponegoro No. 25, Kota Jawa Tengah, Jawa Tengah, 78016"
9.54082E+15,Eko Susanto,L,65,"Jalan Merdeka No. 84, Kota Banten, Banten, 45580"
9.42958E+14,Hendro Susanto,P,44,"Jalan Ahmad Yani No. 88, Kota Bali, Bali, 29068"
1.66572E+15,Siti Prasetyo,P,43,"Jalan Merdeka No. 4, Kota Bali, Bali, 70122"
2.18298E+15,Dedi Andriani,L,91,"Jalan Diponegoro No. 41, Kota Jawa Barat, Jawa Barat, 25310"
4.75963E+15,Ani Santoso,L,63,"Jalan Veteran No. 27, Kota DKI Jakarta, DKI Jakarta, 23369"
7.08235E+15,Ahmad Prasetyo,L,20,"Jalan Sudirman No. 12, Kota Bali, Bali, 23994"
1.2834E+15,Wati Kurniawan,L,61,"Jalan Veteran No. 46, Kota Jawa Tengah, Jawa Tengah, 32094"
9.56964E+15,Ahmad Gunawan,P,38,"Jalan Merdeka No. 24, Kota Sumatera Barat, Sumatera Barat, 89887"
8.59103E+15,Fitri Prasetyo,P,66,"Jalan Gatot Subroto No. 99, Kota Banten, Banten, 83554"
1.62065E+15,Hadi Saputra,L,17,"Jalan Diponegoro No. 55, Kota Jawa Timur, Jawa Timur, 20785"
8.41014E+15,Iwan Santoso,L,46,"Jalan Sudirman No. 51, Kota Sumatera Barat, Sumatera Barat, 15543"
7.08907E+15,Adi Andriani,P,18,"Jalan Gatot Subroto No. 51, Kota Banten, Banten, 35616"
4.10848E+14,Rudi Pranoto,L,72,"Jalan Gatot Subroto No. 56, Kota DKI Jakarta, DKI Jakarta, 50585"
7.26767E+15,Rina Hartono,P,29,"Jalan Diponegoro No. 57, Kota Jawa Tengah, Jawa Tengah, 38898"
4.4341E+14,Adi Andriani,P,75,"Jalan Sudirman No. 77, Kota Sumatera Barat, Sumatera Barat, 73120"
8.2552E+15,Bambang Wijaya,P,61,"Jalan Sudirman No. 93, Kota Jawa Timur, Jawa Timur, 56748"
5.69296E+15,Rita Setiawan,P,56,"Jalan Gatot Subroto No. 100, Kota DKI Jakarta, DKI Jakarta, 59878"
3.74703E+15,Rini Kurniawan,P,20,"Jalan Sudirman No. 52, Kota Sumatera Barat, Sumatera Barat, 97910"
5.86902E+15,Erni Hartono,P,54,"Jalan Merdeka No. 19, Kota Jawa Barat, Jawa Barat, 76799"
3.82632E+15,Susan Saputra,P,87,"Jalan Ahmad Yani No. 14, Kota Bali, Bali, 60873"
3.64514E+15,Lia Kurniawan,P,27,"Jalan Veteran No. 56, Kota Sumatera Utara, Sumatera Utara, 96840"
