Nama;Email;NIK;Jenis_Dokumen;Tanggal_Permohonan;Status;Tanggal_Selesai
Susan Wijaya;susanwijaya38@gmail.com;7452016988;Akta Kematian;08/12/2024;Disetujui;8/18/2024
Dewi Saputra;dewisaputra20@gmail.com;3622622586;Akta Kematian;2/23/2025;Ditolak;2/28/2025
Nurul Kurniawan;nurulkurniawan65@gmail.com;9479989758;Akta Kematian;1/20/2025;Disetujui;1/22/2025
Yuni Santoso;yunisantoso35@gmail.com;6806710367;KTP;11/05/2024;Ditolak;11/09/2024
Hendro Andriani;hendroandriani79@gmail.com;6317443478;Akta Kelahiran;1/18/2025;Ditolak;1/19/2025
Ani Sirait;anisirait82@gmail.com;2818063368;Akta Kelahiran;12/23/2024;Ditolak;12/25/2024
Wati Susanto;watisusanto37@gmail.com;8617013842;Akta Kematian;7/26/2024;Disetujui;7/31/2024
Taufik Andriani;taufikandriani64@gmail.com;8790531179;Akta Kematian;04/08/2025;Disetujui;4/15/2025
Hendro Pranoto;hendropranoto98@gmail.com;9059068343;Kartu Keluarga;8/13/2024;Disetujui;8/19/2024
Ahmad Wijaya;ahmadwijaya80@gmail.com;4112805682;Akta Kematian;04/04/2025;Disetujui;04/10/2025
Hadi Gunawan;hadigunawan44@gmail.com;5237244470;Akta Kelahiran;2/16/2025;Ditolak;2/18/2025
Hendro Hartono;hendrohartono22@gmail.com;9856270226;Akta Kelahiran;08/05/2024;Ditolak;08/07/2024
Nurul Setiawan;nurulsetiawan92@gmail.com;2273150265;Akta Kematian;2/22/2025;Diproses;2/28/2025
Yuni Gunawan;yunigunawan81@gmail.com;300993012;Kartu Keluarga;11/17/2024;Diproses;11/19/2024
Rina Kurniawan;rinakurniawan48@gmail.com;4510050394;Kartu Keluarga;11/29/2024;Ditolak;12/04/2024
Hadi Sirait;hadisirait32@gmail.com;8073085717;Akta Kematian;3/20/2025;Ditolak;3/24/2025
Rudi Hutapea;rudihutapea69@gmail.com;5105970414;KTP;10/29/2024;Ditolak;11/01/2024
Iwan Sirait;iwansirait55@gmail.com;1918241796;Kartu Keluarga;10/05/2024;Ditolak;10/08/2024
Wati Nugroho;watinugroho10@gmail.com;1334539170;Kartu Keluarga;12/11/2024;Disetujui;12/18/2024
Fitri Gunawan;fitrigunawan89@gmail.com;3308201992;Akta Kematian;2/16/2025;Diproses;2/23/2025
Fitri Hartono;fitrihartono21@gmail.com;4086328451;KTP;02/06/2025;Diproses;02/07/2025
Eko Kurniawan;ekokurniawan20@gmail.com;537560632;KTP;8/30/2024;Diproses;09/06/2024
Fitri Setiawan;fitrisetiawan13@gmail.com;4872958471;Akta Kematian;03/11/2025;Disetujui;3/17/2025
Taufik Setiawan;taufiksetiawan32@gmail.com;7994043289;KTP;2/14/2025;Disetujui;2/21/2025
Hadi Susanto;hadisusanto40@gmail.com;6603149090;KTP;9/20/2024;Disetujui;9/21/2024
Ahmad Hartono;ahmadhartono58@gmail.com;5893448797;Akta Kelahiran;1/17/2025;Disetujui;1/21/2025
Iwan Saputra;iwansaputra80@gmail.com;1907134420;Akta Kelahiran;5/13/2025;Diproses;5/14/2025
Nurul Pranoto;nurulpranoto19@gmail.com;7670800788;KTP;01/05/2025;Disetujui;01/10/2025
Bambang Prasetyo;bambangprasetyo57@gmail.com;7284821341;Akta Kelahiran;07/02/2024;Ditolak;07/09/2024
Erni Saputra;ernisaputra18@gmail.com;4701808387;Akta Kematian;04/03/2025;Ditolak;04/05/2025
Indah Nugroho;indahnugroho88@gmail.com;6160290696;Kartu Keluarga;4/26/2025;Disetujui;4/28/2025
Bambang Sirait;bambangsirait52@gmail.com;6161353971;Kartu Keluarga;12/10/2024;Diproses;12/15/2024
Yulio Kurniawan;yuliokurniawan56@gmail.com;5114160334;Kartu Keluarga;10/20/2024;Diproses;10/21/2024
Taufik Hartono;taufikhartono16@gmail.com;2990004851;Akta Kelahiran;11/04/2024;Diproses;11/07/2024
Ahmad Santoso;ahmadsantoso84@gmail.com;4645832004;KTP;03/11/2025;Disetujui;3/13/2025
Yuni Hutapea;yunihutapea38@gmail.com;999306257;Akta Kelahiran;06/09/2024;Diproses;06/11/2024
Yuni Setiawan;yunisetiawan42@gmail.com;4508213371;Akta Kematian;2/22/2025;Diproses;2/25/2025
Lia Prasetyo;liaprasetyo45@gmail.com;441565840;KTP;5/18/2024;Ditolak;5/21/2024
Ani Wijaya;aniwijaya23@gmail.com;5720287130;Kartu Keluarga;3/16/2025;Disetujui;3/23/2025
Rini Saputra;rinisaputra15@gmail.com;8142508541;Kartu Keluarga;09/04/2024;Disetujui;09/10/2024
Ahmad Pranoto;ahmadpranoto16@gmail.com;3255166169;Akta Kematian;11/24/2024;Diproses;12/01/2024
Taufik Sirait;taufiksirait28@gmail.com;1072522699;KTP;01/07/2025;Ditolak;01/09/2025
Yuni Wijaya;yuniwijaya80@gmail.com;8992811404;Akta Kelahiran;12/19/2024;Disetujui;12/20/2024
Susan Nugroho;susannugroho87@gmail.com;2137466249;Kartu Keluarga;11/26/2024;Disetujui;12/02/2024
Adi Nugroho;adinugroho72@gmail.com;63589381;Akta Kematian;06/10/2024;Ditolak;06/11/2024
Adi Sirait;adisirait33@gmail.com;7003273449;Kartu Keluarga;2/23/2025;Diproses;2/28/2025
Maya Kurniawan;mayakurniawan25@gmail.com;7878489229;Akta Kelahiran;03/10/2025;Diproses;03/11/2025
Indah Andriani;indahandriani85@gmail.com;6468659049;Kartu Keluarga;01/06/2025;Diproses;01/08/2025
Bambang Nugroho;bambangnugroho58@gmail.com;9501000744;Kartu Keluarga;03/08/2025;Diproses;03/12/2025
Dedi Wijaya;dediwijaya30@gmail.com;7846252953;Kartu Keluarga;11/20/2024;Diproses;11/26/2024
Fitri Andriani;fitriandriani33@gmail.com;3274779696;Akta Kelahiran;3/16/2025;Ditolak;3/19/2025
Ahmad Pranoto;ahmadpranoto19@gmail.com;5696378669;Akta Kelahiran;09/07/2024;Diproses;09/09/2024
Muhammad Wijaya;muhammadwijaya40@gmail.com;1694309442;Akta Kematian;12/15/2024;Diproses;12/17/2024
Rini Nugroho;rininugroho96@gmail.com;4817548008;Akta Kelahiran;06/03/2024;Ditolak;06/04/2024
Lia Saputra;liasaputra28@gmail.com;6867650028;Akta Kematian;6/25/2024;Diproses;6/28/2024
Hendro Santoso;hendrosantoso14@gmail.com;123328945;Akta Kelahiran;04/06/2025;Diproses;04/12/2025
Adi Sirait;adisirait16@gmail.com;519408833;Akta Kematian;05/01/2025;Disetujui;05/03/2025
Rini Andriani;riniandriani57@gmail.com;2099015748;KTP;2/15/2025;Ditolak;2/17/2025
Muhammad Santoso;muhammadsantoso13@gmail.com;6654305926;KTP;04/07/2025;Disetujui;4/14/2025
Yuni Hartono;yunihartono28@gmail.com;3660828803;Kartu Keluarga;4/15/2025;Diproses;4/16/2025
Rita Setiawan;ritasetiawan86@gmail.com;1597970979;Akta Kelahiran;1/22/2025;Diproses;1/26/2025
Fitri Saputra;fitrisaputra44@gmail.com;8613040706;Akta Kelahiran;12/24/2024;Diproses;12/26/2024
Maya Hartono;mayahartono93@gmail.com;9346791735;Kartu Keluarga;6/26/2024;Ditolak;07/03/2024
Rudi Hutapea;rudihutapea48@gmail.com;9509398663;Akta Kematian;09/07/2024;Diproses;09/09/2024
Indah Susanto;indahsusanto81@gmail.com;2237883550;KTP;1/16/2025;Ditolak;1/23/2025
Wati Kurniawan;watikurniawan95@gmail.com;5804895990;KTP;3/27/2025;Diproses;04/03/2025
Yulio Sirait;yuliosirait85@gmail.com;6211897017;Akta Kelahiran;12/29/2024;Ditolak;01/04/2025
Maya Hidayat;mayahidayat61@gmail.com;1306571602;Akta Kematian;01/01/2025;Diproses;01/04/2025
Eko Andriani;ekoandriani80@gmail.com;6632020559;Akta Kelahiran;05/09/2025;Ditolak;05/11/2025
Yulio Sirait;yuliosirait20@gmail.com;6851245308;Kartu Keluarga;4/17/2025;Diproses;4/19/2025
Hadi Gunawan;hadigunawan96@gmail.com;6302193535;Kartu Keluarga;7/18/2024;Diproses;7/21/2024
Taufik Gunawan;taufikgunawan40@gmail.com;9872462279;KTP;4/13/2025;Ditolak;4/16/2025
Ahmad Pranoto;ahmadpranoto99@gmail.com;5671518078;KTP;12/21/2024;Ditolak;12/25/2024
Ahmad Hutapea;ahmadhutapea66@gmail.com;5076986198;Akta Kelahiran;11/01/2024;Diproses;11/05/2024
Dedi Saputra;dedisaputra86@gmail.com;7578309529;KTP;06/01/2024;Ditolak;06/04/2024
Agus Susanto;agussusanto15@gmail.com;3896186463;Akta Kelahiran;8/14/2024;Ditolak;8/20/2024
Wati Saputra;watisaputra63@gmail.com;8724865045;Akta Kelahiran;2/21/2025;Ditolak;2/26/2025
Slamet Hutapea;slamethutapea86@gmail.com;4218785018;Akta Kematian;09/10/2024;Ditolak;9/16/2024
Eko Sirait;ekosirait36@gmail.com;8088875808;KTP;6/28/2024;Ditolak;07/05/2024
Yulio Kurniawan;yuliokurniawan51@gmail.com;7508442350;Akta Kematian;09/06/2024;Ditolak;09/07/2024
Adi Hutapea;adihutapea35@gmail.com;3916468822;Kartu Keluarga;01/03/2025;Disetujui;01/06/2025
Nurul Setiawan;nurulsetiawan28@gmail.com;2283957991;Akta Kelahiran;08/03/2024;Ditolak;08/10/2024
Erni Prasetyo;erniprasetyo48@gmail.com;9568968025;KTP;01/06/2025;Ditolak;01/10/2025
Hendro Wijaya;hendrowijaya16@gmail.com;6683533640;Akta Kelahiran;08/11/2024;Disetujui;8/18/2024
Nurul Saputra;nurulsaputra50@gmail.com;9329850745;Kartu Keluarga;11/20/2024;Disetujui;11/24/2024
Lia Prasetyo;liaprasetyo36@gmail.com;3476478676;KTP;12/02/2024;Diproses;12/08/2024
Erni Hartono;ernihartono14@gmail.com;9806325799;KTP;05/06/2025;Ditolak;05/11/2025
Rina Prasetyo;rinaprasetyo30@gmail.com;2828527363;Akta Kematian;8/31/2024;Diproses;09/02/2024
Indah Kurniawan;indahkurniawan12@gmail.com;3816620646;Kartu Keluarga;04/05/2025;Ditolak;04/07/2025
Rini Hutapea;rinihutapea51@gmail.com;3962356610;Akta Kematian;11/08/2024;Diproses;11/09/2024
Wati Prasetyo;watiprasetyo99@gmail.com;4157584171;Akta Kematian;07/07/2024;Disetujui;07/11/2024
Budi Wijaya;budiwijaya92@gmail.com;2371189085;Akta Kelahiran;10/09/2024;Disetujui;10/15/2024
Susan Nugroho;susannugroho84@gmail.com;9253942010;Akta Kematian;10/25/2024;Diproses;10/26/2024
Erni Nugroho;erninugroho23@gmail.com;5958256624;Akta Kematian;4/22/2025;Disetujui;4/27/2025
Hendro Hartono;hendrohartono67@gmail.com;1334900038;Akta Kelahiran;06/06/2024;Disetujui;06/09/2024
Indah Hutapea;indahhutapea37@gmail.com;8571913106;Akta Kelahiran;11/14/2024;Diproses;11/21/2024
Adi Hidayat;adihidayat37@gmail.com;2150199308;Akta Kelahiran;09/08/2024;Disetujui;9/15/2024
Hadi Pranoto;hadipranoto15@gmail.com;2927323315;Akta Kematian;7/25/2024;Diproses;7/26/2024
Muhammad Hidayat;muhammadhidayat91@gmail.com;8785768843;KTP;10/29/2024;Disetujui;10/30/2024
Wati Prasetyo;watiprasetyo70@gmail.com;5273522550;Akta Kelahiran;11/18/2024;Ditolak;11/23/2024
Rudi Andriani;rudiandriani10@gmail.com;5511857632;KTP;08/05/2024;Ditolak;08/08/2024
Muhammad Saputra;muhammadsaputra69@gmail.com;1091936682;Akta Kematian;8/23/2024;Disetujui;8/24/2024
Ani Gunawan;anigunawan76@gmail.com;9315671682;Akta Kematian;01/07/2025;Diproses;01/10/2025
Agus Kurniawan;aguskurniawan80@gmail.com;579616664;Akta Kematian;8/25/2024;Disetujui;8/31/2024
Budi Hartono;budihartono81@gmail.com;4343414147;KTP;8/23/2024;Ditolak;8/26/2024
Yuni Prasetyo;yuniprasetyo63@gmail.com;4265533737;KTP;12/15/2024;Ditolak;12/17/2024
Lia Kurniawan;liakurniawan94@gmail.com;3773010054;Akta Kelahiran;12/01/2024;Disetujui;12/02/2024
Agus Setiawan;agussetiawan62@gmail.com;5095631283;Akta Kematian;8/20/2024;Diproses;8/22/2024
Iwan Hartono;iwanhartono28@gmail.com;2312122227;Akta Kematian;3/18/2025;Disetujui;3/20/2025
Ahmad Susanto;ahmadsusanto48@gmail.com;4783950424;KTP;06/07/2024;Disetujui;6/13/2024
Agus Andriani;agusandriani96@gmail.com;1647774814;Akta Kematian;02/03/2025;Diproses;02/06/2025
Rina Hidayat;rinahidayat78@gmail.com;5234363627;Akta Kelahiran;4/21/2025;Disetujui;4/24/2025
Susan Setiawan;susansetiawan33@gmail.com;9742731662;Akta Kematian;12/23/2024;Diproses;12/29/2024
Adi Nugroho;adinugroho70@gmail.com;5110080093;Akta Kematian;01/08/2025;Ditolak;1/14/2025
Eko Pranoto;ekopranoto43@gmail.com;8648837720;Akta Kelahiran;01/06/2025;Disetujui;01/10/2025
Yuni Wijaya;yuniwijaya29@gmail.com;8535512486;KTP;05/05/2025;Ditolak;05/09/2025
Lia Sirait;liasirait45@gmail.com;5426447682;KTP;3/30/2025;Diproses;04/03/2025
Iwan Gunawan;iwangunawan52@gmail.com;2418647867;KTP;08/11/2024;Ditolak;08/12/2024
Dedi Sirait;dedisirait20@gmail.com;3613479133;KTP;1/28/2025;Disetujui;02/04/2025
Iwan Gunawan;iwangunawan50@gmail.com;7869343443;KTP;05/06/2025;Ditolak;05/12/2025
Bambang Sirait;bambangsirait39@gmail.com;71660026;Kartu Keluarga;08/11/2024;Disetujui;08/12/2024
Hadi Santoso;hadisantoso73@gmail.com;5967677079;Akta Kelahiran;08/02/2024;Diproses;08/06/2024
Bambang Pranoto;bambangpranoto76@gmail.com;6868869697;KTP;11/30/2024;Disetujui;12/01/2024
Dewi Nugroho;dewinugroho83@gmail.com;6648005557;Akta Kematian;12/26/2024;Diproses;12/29/2024
Indah Wijaya;indahwijaya78@gmail.com;7992415470;KTP;05/12/2025;Diproses;5/18/2025
Ahmad Andriani;ahmadandriani66@gmail.com;3558584402;Kartu Keluarga;1/28/2025;Diproses;02/02/2025
Hendro Santoso;hendrosantoso81@gmail.com;2881413161;KTP;10/22/2024;Disetujui;10/25/2024
Iwan Hartono;iwanhartono81@gmail.com;6528293667;Akta Kematian;1/31/2025;Diproses;02/01/2025
Rita Hartono;ritahartono40@gmail.com;3250556661;Kartu Keluarga;10/13/2024;Diproses;10/14/2024
Yulio Santoso;yuliosantoso19@gmail.com;4650484877;KTP;1/13/2025;Disetujui;1/14/2025
Hendro Prasetyo;hendroprasetyo23@gmail.com;401689559;Akta Kematian;08/05/2024;Ditolak;08/10/2024
Rita Pranoto;ritapranoto55@gmail.com;1240343151;KTP;04/10/2025;Diproses;04/11/2025
Taufik Susanto;taufiksusanto90@gmail.com;4076953733;KTP;3/16/2025;Diproses;3/18/2025
Dewi Hartono;dewihartono45@gmail.com;6519600028;Akta Kelahiran;11/08/2024;Ditolak;11/10/2024
Rita Nugroho;ritanugroho55@gmail.com;1698152062;Akta Kematian;5/20/2024;Disetujui;5/24/2024
Eko Pranoto;ekopranoto71@gmail.com;4348367584;KTP;03/03/2025;Diproses;03/07/2025
Erni Hidayat;ernihidayat25@gmail.com;1310283422;Akta Kelahiran;02/07/2025;Diproses;02/08/2025
Susan Susanto;susansusanto50@gmail.com;3666728369;Akta Kelahiran;09/01/2024;Ditolak;09/08/2024
Indah Setiawan;indahsetiawan77@gmail.com;4643850325;KTP;03/04/2025;Disetujui;03/08/2025
Yuni Gunawan;yunigunawan16@gmail.com;3843055806;Akta Kelahiran;8/13/2024;Diproses;8/15/2024
Iwan Gunawan;iwangunawan43@gmail.com;6315644998;Kartu Keluarga;06/01/2024;Ditolak;06/07/2024
Maya Setiawan;mayasetiawan79@gmail.com;8708062160;Akta Kelahiran;8/29/2024;Disetujui;09/01/2024
Bambang Setiawan;bambangsetiawan72@gmail.com;3382154353;KTP;07/03/2024;Diproses;07/04/2024
Dewi Hartono;dewihartono43@gmail.com;896391284;Kartu Keluarga;06/05/2024;Diproses;06/07/2024
Susan Gunawan;susangunawan28@gmail.com;5348504794;Akta Kematian;04/08/2025;Disetujui;04/12/2025
Slamet Andriani;slametandriani81@gmail.com;1635345140;Akta Kematian;07/06/2024;Ditolak;7/13/2024
Rini Pranoto;rinipranoto59@gmail.com;2083522640;KTP;6/28/2024;Ditolak;6/30/2024
Muhammad Pranoto;muhammadpranoto21@gmail.com;5031606747;Kartu Keluarga;04/10/2025;Disetujui;04/12/2025
Rina Hidayat;rinahidayat87@gmail.com;4123727278;Kartu Keluarga;9/20/2024;Diproses;9/23/2024
Slamet Pranoto;slametpranoto96@gmail.com;1023418506;Kartu Keluarga;2/19/2025;Disetujui;2/23/2025
Muhammad Pranoto;muhammadpranoto53@gmail.com;1089958771;Akta Kelahiran;7/15/2024;Disetujui;7/19/2024
Wati Hutapea;watihutapea74@gmail.com;4909716877;Akta Kelahiran;4/24/2025;Disetujui;4/25/2025
Muhammad Kurniawan;muhammadkurniawan60@gmail.com;9665086261;KTP;11/16/2024;Diproses;11/23/2024
Taufik Prasetyo;taufikprasetyo11@gmail.com;7987860534;KTP;03/11/2025;Diproses;3/17/2025
Ani Gunawan;anigunawan71@gmail.com;9979715946;Kartu Keluarga;4/21/2025;Diproses;4/23/2025
Iwan Setiawan;iwansetiawan19@gmail.com;8249318457;KTP;12/18/2024;Disetujui;12/21/2024
Bambang Gunawan;bambanggunawan40@gmail.com;7790887124;Akta Kelahiran;10/20/2024;Disetujui;10/25/2024
Rudi Andriani;rudiandriani54@gmail.com;3210565905;KTP;10/16/2024;Disetujui;10/18/2024
Siti Setiawan;sitisetiawan62@gmail.com;8902997983;Akta Kelahiran;5/20/2024;Disetujui;5/22/2024
Muhammad Wijaya;muhammadwijaya95@gmail.com;3285491904;Akta Kelahiran;11/19/2024;Disetujui;11/26/2024
Ani Nugroho;aninugroho99@gmail.com;4025606038;KTP;11/05/2024;Ditolak;11/08/2024
Dedi Wijaya;dediwijaya42@gmail.com;3183954043;Akta Kematian;11/01/2024;Disetujui;11/04/2024
Muhammad Andriani;muhammadandriani29@gmail.com;7116086854;Akta Kelahiran;4/18/2025;Ditolak;4/19/2025
Rita Setiawan;ritasetiawan87@gmail.com;9831913798;Akta Kelahiran;9/30/2024;Diproses;10/04/2024
Iwan Setiawan;iwansetiawan72@gmail.com;2586993831;Kartu Keluarga;11/19/2024;Diproses;11/22/2024
Budi Prasetyo;budiprasetyo68@gmail.com;3368278988;Akta Kematian;3/14/2025;Diproses;3/19/2025
Indah Hidayat;indahhidayat67@gmail.com;4949502904;KTP;10/24/2024;Diproses;10/27/2024
Budi Susanto;budisusanto57@gmail.com;5284309786;Kartu Keluarga;08/04/2024;Disetujui;08/09/2024
Rita Setiawan;ritasetiawan71@gmail.com;9602865142;Kartu Keluarga;12/07/2024;Diproses;12/09/2024
Agus Prasetyo;agusprasetyo71@gmail.com;158405495;Akta Kelahiran;7/21/2024;Disetujui;7/27/2024
Ahmad Hartono;ahmadhartono55@gmail.com;5341062991;KTP;08/09/2024;Disetujui;08/11/2024
Muhammad Nugroho;muhammadnugroho12@gmail.com;466428955;Kartu Keluarga;10/31/2024;Ditolak;11/05/2024
Rudi Hidayat;rudihidayat80@gmail.com;4250054962;KTP;3/19/2025;Diproses;3/24/2025
Yuni Sirait;yunisirait88@gmail.com;2080236889;Kartu Keluarga;05/09/2025;Ditolak;5/13/2025
Nurul Hidayat;nurulhidayat49@gmail.com;9334776453;Akta Kematian;8/23/2024;Ditolak;8/27/2024
Rudi Setiawan;rudisetiawan69@gmail.com;5928463408;Akta Kelahiran;4/14/2025;Ditolak;4/16/2025
Slamet Santoso;slametsantoso69@gmail.com;9586969296;KTP;10/31/2024;Ditolak;11/04/2024
Budi Nugroho;budinugroho38@gmail.com;7642666873;KTP;9/29/2024;Ditolak;10/02/2024
Budi Gunawan;budigunawan74@gmail.com;7147344635;Akta Kelahiran;06/09/2024;Disetujui;6/14/2024
Fitri Hutapea;fitrihutapea61@gmail.com;8811142940;Akta Kelahiran;4/13/2025;Disetujui;4/19/2025
Budi Pranoto;budipranoto98@gmail.com;5798552686;Kartu Keluarga;8/15/2024;Disetujui;8/18/2024
Eko Pranoto;ekopranoto72@gmail.com;7550215892;Kartu Keluarga;12/09/2024;Ditolak;12/11/2024
Slamet Santoso;slametsantoso94@gmail.com;4548849804;KTP;08/03/2024;Disetujui;08/04/2024
Dewi Susanto;dewisusanto33@gmail.com;355251375;Akta Kematian;09/09/2024;Ditolak;09/12/2024
Siti Hidayat;sitihidayat22@gmail.com;7090266906;Akta Kelahiran;10/01/2024;Ditolak;10/03/2024
Rini Pranoto;rinipranoto48@gmail.com;8082548420;Akta Kelahiran;5/24/2024;Disetujui;5/27/2024
Dewi Wijaya;dewiwijaya12@gmail.com;883336712;Akta Kematian;12/11/2024;Disetujui;12/18/2024
Ani Sirait;anisirait88@gmail.com;4811317280;Akta Kelahiran;12/19/2024;Disetujui;12/24/2024
Eko Wijaya;ekowijaya80@gmail.com;2585010174;Akta Kematian;9/21/2024;Disetujui;9/28/2024
Nurul Sirait;nurulsirait79@gmail.com;4303117629;Akta Kelahiran;10/07/2024;Ditolak;10/12/2024
Rudi Gunawan;rudigunawan39@gmail.com;5035540324;KTP;9/29/2024;Ditolak;10/05/2024
Wati Hartono;watihartono24@gmail.com;7477437597;Akta Kematian;2/13/2025;Ditolak;2/17/2025
Yuni Andriani;yuniandriani11@gmail.com;4197270023;Akta Kelahiran;2/18/2025;Diproses;2/19/2025
Indah Prasetyo;indahprasetyo30@gmail.com;5130561578;Akta Kelahiran;11/27/2024;Disetujui;12/03/2024
Indah Andriani;indahandriani68@gmail.com;8248658360;KTP;04/05/2025;Ditolak;04/07/2025
Muhammad Santoso;muhammadsantoso14@gmail.com;1526781463;Akta Kelahiran;08/06/2024;Disetujui;08/12/2024
Ahmad Kurniawan;ahmadkurniawan81@gmail.com;6313135797;Akta Kematian;5/30/2024;Disetujui;06/05/2024
Hendro Hartono;hendrohartono88@gmail.com;9262197231;KTP;2/15/2025;Ditolak;2/17/2025
Ani Hutapea;anihutapea66@gmail.com;903607949;Akta Kematian;07/05/2024;Diproses;07/11/2024
Yulio Wijaya;yuliowijaya19@gmail.com;9052082933;KTP;02/10/2025;Disetujui;2/15/2025
Indah Hidayat;indahhidayat43@gmail.com;3346929402;Kartu Keluarga;1/16/2025;Disetujui;1/20/2025
Erni Gunawan;ernigunawan76@gmail.com;7057032277;Akta Kelahiran;02/04/2025;Diproses;02/05/2025
Wati Saputra;watisaputra91@gmail.com;8003770801;KTP;02/03/2025;Diproses;02/05/2025
Fitri Wijaya;fitriwijaya85@gmail.com;1175547536;Akta Kematian;08/07/2024;Diproses;8/14/2024
Eko Wijaya;ekowijaya35@gmail.com;562179612;KTP;12/21/2024;Ditolak;12/25/2024
Erni Prasetyo;erniprasetyo24@gmail.com;4702861973;Kartu Keluarga;06/12/2024;Ditolak;6/14/2024
Lia Nugroho;lianugroho57@gmail.com;5990288656;Kartu Keluarga;10/28/2024;Diproses;10/31/2024
Yulio Gunawan;yuliogunawan81@gmail.com;2415906523;Kartu Keluarga;12/14/2024;Ditolak;12/21/2024
Lia Andriani;liaandriani74@gmail.com;5775348691;Akta Kematian;11/10/2024;Disetujui;11/17/2024
Nurul Gunawan;nurulgunawan12@gmail.com;193844752;Akta Kematian;10/21/2024;Disetujui;10/24/2024
Rudi Nugroho;rudinugroho77@gmail.com;5148226011;Akta Kelahiran;07/03/2024;Diproses;07/08/2024
Muhammad Andriani;muhammadandriani89@gmail.com;6877125824;Akta Kelahiran;1/23/2025;Ditolak;1/28/2025
Yulio Andriani;yulioandriani24@gmail.com;4500068994;Kartu Keluarga;06/12/2024;Diproses;6/14/2024
Yulio Sirait;yuliosirait83@gmail.com;5558149210;Akta Kelahiran;10/04/2024;Disetujui;10/09/2024
Dedi Santoso;dedisantoso85@gmail.com;393406292;KTP;10/09/2024;Ditolak;10/13/2024
Rudi Nugroho;rudinugroho12@gmail.com;3989847372;KTP;2/26/2025;Disetujui;03/01/2025
Eko Nugroho;ekonugroho48@gmail.com;375193200;Akta Kematian;10/21/2024;Disetujui;10/24/2024
Hadi Setiawan;hadisetiawan13@gmail.com;4916914322;Kartu Keluarga;12/15/2024;Diproses;12/22/2024
Hendro Prasetyo;hendroprasetyo14@gmail.com;7550149030;Akta Kelahiran;11/04/2024;Disetujui;11/06/2024
Lia Andriani;liaandriani93@gmail.com;7946452839;Kartu Keluarga;07/02/2024;Diproses;07/07/2024
Rita Sirait;ritasirait64@gmail.com;3896473711;Kartu Keluarga;10/14/2024;Diproses;10/15/2024
Taufik Hutapea;taufikhutapea91@gmail.com;5876595921;Kartu Keluarga;9/16/2024;Diproses;9/21/2024
Yuni Nugroho;yuninugroho59@gmail.com;3628414570;Kartu Keluarga;8/14/2024;Disetujui;8/16/2024
Agus Kurniawan;aguskurniawan39@gmail.com;3475603235;Kartu Keluarga;10/03/2024;Disetujui;10/07/2024
Muhammad Hidayat;muhammadhidayat80@gmail.com;6324000853;KTP;6/19/2024;Ditolak;6/23/2024
Erni Nugroho;erninugroho71@gmail.com;6059638586;KTP;11/04/2024;Diproses;11/10/2024
Taufik Prasetyo;taufikprasetyo93@gmail.com;7588024532;Akta Kelahiran;08/05/2024;Diproses;08/12/2024
Rita Susanto;ritasusanto49@gmail.com;8405424705;Akta Kematian;5/14/2025;Disetujui;5/16/2025
Lia Prasetyo;liaprasetyo26@gmail.com;1465698731;Kartu Keluarga;2/22/2025;Disetujui;2/24/2025
Dedi Prasetyo;dediprasetyo75@gmail.com;1785735703;Kartu Keluarga;06/06/2024;Diproses;06/10/2024
Adi Saputra;adisaputra14@gmail.com;1232110080;Akta Kematian;7/19/2024;Disetujui;7/26/2024
Taufik Prasetyo;taufikprasetyo39@gmail.com;7450583522;Akta Kelahiran;7/18/2024;Disetujui;7/20/2024
Bambang Susanto;bambangsusanto33@gmail.com;8142770333;Akta Kelahiran;2/16/2025;Ditolak;2/17/2025
Dedi Kurniawan;dedikurniawan42@gmail.com;261175950;KTP;08/07/2024;Ditolak;8/14/2024
Rita Saputra;ritasaputra45@gmail.com;8685366127;KTP;12/28/2024;Disetujui;01/04/2025
Hadi Santoso;hadisantoso98@gmail.com;9895287558;Akta Kelahiran;2/21/2025;Ditolak;2/26/2025
Erni Gunawan;ernigunawan15@gmail.com;3553440272;Kartu Keluarga;11/17/2024;Diproses;11/19/2024
Hendro Hidayat;hendrohidayat36@gmail.com;1156204826;Kartu Keluarga;1/25/2025;Ditolak;1/29/2025
Rina Pranoto;rinapranoto44@gmail.com;8777406905;KTP;11/21/2024;Disetujui;11/26/2024
Wati Setiawan;watisetiawan56@gmail.com;3493087995;Akta Kelahiran;11/04/2024;Diproses;11/08/2024
Indah Hutapea;indahhutapea91@gmail.com;4881033259;Akta Kematian;12/05/2024;Disetujui;12/07/2024
Muhammad Pranoto;muhammadpranoto45@gmail.com;5860122706;KTP;10/11/2024;Disetujui;10/15/2024
Susan Santoso;susansantoso82@gmail.com;5770404970;Akta Kelahiran;12/22/2024;Diproses;12/26/2024
Eko Pranoto;ekopranoto93@gmail.com;364652993;Akta Kelahiran;5/19/2024;Ditolak;5/21/2024
Rina Susanto;rinasusanto47@gmail.com;6486695864;Akta Kematian;8/14/2024;Diproses;8/18/2024
Fitri Gunawan;fitrigunawan68@gmail.com;6923722499;Akta Kelahiran;05/07/2025;Disetujui;5/13/2025
Rudi Kurniawan;rudikurniawan14@gmail.com;8227592657;Akta Kematian;11/10/2024;Diproses;11/13/2024
Rudi Hidayat;rudihidayat69@gmail.com;4722517916;Kartu Keluarga;12/07/2024;Ditolak;12/09/2024
Susan Sirait;susansirait79@gmail.com;7813121944;KTP;9/16/2024;Ditolak;9/22/2024
Bambang Wijaya;bambangwijaya57@gmail.com;2064997809;Kartu Keluarga;6/15/2024;Disetujui;6/20/2024
Dewi Gunawan;dewigunawan50@gmail.com;8584746828;Akta Kelahiran;5/31/2024;Diproses;06/01/2024
Erni Gunawan;ernigunawan53@gmail.com;9599384041;Akta Kematian;10/14/2024;Disetujui;10/17/2024
Susan Hartono;susanhartono18@gmail.com;6272903836;Akta Kelahiran;1/22/2025;Diproses;1/27/2025
Slamet Saputra;slametsaputra36@gmail.com;8454533060;Akta Kematian;6/27/2024;Diproses;07/01/2024
Ani Andriani;aniandriani26@gmail.com;4705981314;KTP;11/09/2024;Disetujui;11/16/2024
Muhammad Hartono;muhammadhartono10@gmail.com;8321157440;Akta Kematian;07/04/2024;Disetujui;07/11/2024
Ahmad Hutapea;ahmadhutapea76@gmail.com;599555598;Akta Kelahiran;05/12/2025;Ditolak;5/19/2025
Slamet Santoso;slametsantoso32@gmail.com;9768155808;Kartu Keluarga;12/14/2024;Diproses;12/18/2024
Hendro Santoso;hendrosantoso52@gmail.com;2136781540;Akta Kelahiran;7/13/2024;Ditolak;7/18/2024
Slamet Hartono;slamethartono67@gmail.com;8751139987;Kartu Keluarga;10/06/2024;Ditolak;10/07/2024
Hendro Prasetyo;hendroprasetyo70@gmail.com;9320425429;KTP;1/25/2025;Disetujui;1/28/2025
Maya Nugroho;mayanugroho27@gmail.com;6633589078;KTP;6/20/2024;Disetujui;6/25/2024
Hadi Saputra;hadisaputra27@gmail.com;6062815777;KTP;10/24/2024;Disetujui;10/26/2024
Wati Wijaya;watiwijaya93@gmail.com;9290426580;KTP;7/17/2024;Diproses;7/21/2024
Muhammad Andriani;muhammadandriani24@gmail.com;2052035464;Akta Kematian;09/06/2024;Ditolak;09/07/2024
Rina Hutapea;rinahutapea99@gmail.com;4306810829;KTP;11/07/2024;Disetujui;11/12/2024
Ani Pranoto;anipranoto86@gmail.com;5838610908;Kartu Keluarga;7/14/2024;Diproses;7/17/2024
Hadi Nugroho;hadinugroho29@gmail.com;6107206364;Akta Kematian;09/04/2024;Ditolak;09/06/2024
Maya Hidayat;mayahidayat11@gmail.com;7364885047;Akta Kematian;5/16/2024;Disetujui;5/23/2024
Yulio Hidayat;yuliohidayat38@gmail.com;4083090539;Akta Kematian;06/03/2024;Ditolak;06/04/2024
Hendro Pranoto;hendropranoto88@gmail.com;4617754550;Kartu Keluarga;04/08/2025;Diproses;04/11/2025
Rini Susanto;rinisusanto65@gmail.com;5030091346;Akta Kematian;02/07/2025;Ditolak;02/10/2025
Wati Wijaya;watiwijaya86@gmail.com;5485759492;Akta Kematian;6/16/2024;Disetujui;6/21/2024
Adi Sirait;adisirait57@gmail.com;9503784316;Kartu Keluarga;7/29/2024;Ditolak;7/31/2024
Iwan Hutapea;iwanhutapea60@gmail.com;8430212575;Kartu Keluarga;4/21/2025;Diproses;4/24/2025
Eko Prasetyo;ekoprasetyo94@gmail.com;6068338353;Akta Kelahiran;1/28/2025;Diproses;1/30/2025
Fitri Susanto;fitrisusanto51@gmail.com;176444562;Akta Kelahiran;8/26/2024;Ditolak;8/31/2024
Yuni Prasetyo;yuniprasetyo23@gmail.com;5312254537;Akta Kelahiran;1/30/2025;Diproses;02/03/2025
Indah Hidayat;indahhidayat87@gmail.com;4906627723;Akta Kelahiran;08/03/2024;Disetujui;08/06/2024
Budi Setiawan;budisetiawan57@gmail.com;3348824359;Akta Kelahiran;3/22/2025;Ditolak;3/24/2025
Iwan Pranoto;iwanpranoto15@gmail.com;2608238779;Kartu Keluarga;7/27/2024;Ditolak;08/01/2024
Agus Nugroho;agusnugroho80@gmail.com;8648143427;KTP;09/11/2024;Ditolak;9/13/2024
Maya Hartono;mayahartono35@gmail.com;529192495;Akta Kelahiran;10/20/2024;Disetujui;10/25/2024
Rina Setiawan;rinasetiawan50@gmail.com;5882022864;KTP;3/27/2025;Ditolak;3/29/2025
Hadi Saputra;hadisaputra41@gmail.com;9938259361;Kartu Keluarga;6/20/2024;Ditolak;6/27/2024
Maya Susanto;mayasusanto32@gmail.com;4285071676;Kartu Keluarga;11/28/2024;Ditolak;11/29/2024
Ani Gunawan;anigunawan12@gmail.com;6177000094;Akta Kelahiran;12/14/2024;Diproses;12/15/2024
Siti Saputra;sitisaputra57@gmail.com;775537920;Kartu Keluarga;10/31/2024;Ditolak;11/07/2024
Rudi Nugroho;rudinugroho93@gmail.com;7333439772;KTP;2/17/2025;Diproses;2/22/2025
Iwan Setiawan;iwansetiawan60@gmail.com;7177106820;Akta Kematian;01/11/2025;Ditolak;1/18/2025
Hadi Setiawan;hadisetiawan87@gmail.com;7067895841;Akta Kelahiran;5/15/2025;Disetujui;5/22/2025
Ani Prasetyo;aniprasetyo33@gmail.com;5847193251;Akta Kelahiran;07/09/2024;Disetujui;07/10/2024
Rudi Hidayat;rudihidayat80@gmail.com;3019970408;Akta Kematian;2/24/2025;Diproses;03/03/2025
Hendro Wijaya;hendrowijaya20@gmail.com;6954356961;Akta Kematian;5/16/2024;Disetujui;5/23/2024
Susan Hartono;susanhartono64@gmail.com;1624282885;Kartu Keluarga;11/29/2024;Disetujui;12/02/2024
Agus Hidayat;agushidayat30@gmail.com;2344026366;Akta Kelahiran;12/01/2024;Disetujui;12/03/2024
Bambang Nugroho;bambangnugroho74@gmail.com;699887912;Akta Kelahiran;6/26/2024;Diproses;6/29/2024
Agus Hidayat;agushidayat78@gmail.com;8334131654;Akta Kematian;02/08/2025;Disetujui;2/14/2025
Rini Kurniawan;rinikurniawan91@gmail.com;3449045128;Akta Kematian;8/26/2024;Ditolak;09/02/2024
Siti Prasetyo;sitiprasetyo73@gmail.com;4237977745;Akta Kelahiran;05/06/2025;Ditolak;05/11/2025
Yuni Andriani;yuniandriani87@gmail.com;8682435418;Akta Kematian;4/14/2025;Diproses;4/21/2025
Rini Kurniawan;rinikurniawan16@gmail.com;9694449678;Akta Kelahiran;12/14/2024;Disetujui;12/20/2024
Rudi Sirait;rudisirait27@gmail.com;636978292;KTP;2/13/2025;Disetujui;2/16/2025
Adi Wijaya;adiwijaya82@gmail.com;6944428574;Kartu Keluarga;3/20/2025;Diproses;3/24/2025
Erni Prasetyo;erniprasetyo13@gmail.com;7276065303;Kartu Keluarga;05/03/2025;Diproses;05/05/2025
Wati Pranoto;watipranoto13@gmail.com;8478342286;Akta Kematian;06/03/2024;Disetujui;06/09/2024
Indah Hutapea;indahhutapea98@gmail.com;4615054591;KTP;5/16/2024;Ditolak;5/23/2024
Dedi Hutapea;dedihutapea15@gmail.com;6299910929;Akta Kelahiran;10/17/2024;Ditolak;10/24/2024
Erni Wijaya;erniwijaya78@gmail.com;3152731788;Akta Kematian;11/10/2024;Disetujui;11/11/2024
Muhammad Susanto;muhammadsusanto95@gmail.com;7896015209;Akta Kematian;6/29/2024;Disetujui;07/04/2024
Bambang Sirait;bambangsirait34@gmail.com;2806744400;Akta Kelahiran;3/17/2025;Ditolak;3/22/2025
Maya Setiawan;mayasetiawan32@gmail.com;2687009724;Kartu Keluarga;07/10/2024;Ditolak;7/14/2024
Adi Hartono;adihartono25@gmail.com;4570364102;KTP;7/22/2024;Ditolak;7/28/2024
Slamet Susanto;slametsusanto86@gmail.com;6492073674;KTP;1/20/2025;Disetujui;1/24/2025
Rina Hutapea;rinahutapea55@gmail.com;2919188618;Akta Kelahiran;5/30/2024;Disetujui;06/06/2024
Yuni Nugroho;yuninugroho17@gmail.com;9478733082;KTP;05/05/2025;Disetujui;05/10/2025
Lia Susanto;liasusanto44@gmail.com;7449492053;KTP;03/05/2025;Ditolak;03/08/2025
Fitri Nugroho;fitrinugroho92@gmail.com;8419230982;Kartu Keluarga;2/24/2025;Disetujui;2/27/2025
Indah Wijaya;indahwijaya21@gmail.com;1661502115;Akta Kematian;10/13/2024;Ditolak;10/15/2024
Ani Wijaya;aniwijaya94@gmail.com;5512393116;Kartu Keluarga;11/06/2024;Diproses;11/13/2024
Muhammad Hartono;muhammadhartono92@gmail.com;7106282665;Akta Kelahiran;10/22/2024;Ditolak;10/29/2024
Rina Nugroho;rinanugroho34@gmail.com;5677166264;Kartu Keluarga;10/08/2024;Disetujui;10/13/2024
Yulio Prasetyo;yulioprasetyo27@gmail.com;571469849;Akta Kelahiran;04/07/2025;Ditolak;04/11/2025
Taufik Saputra;taufiksaputra19@gmail.com;6933612969;KTP;10/17/2024;Ditolak;10/23/2024
Fitri Wijaya;fitriwijaya46@gmail.com;6835539075;Kartu Keluarga;04/02/2025;Diproses;04/04/2025
Hendro Hartono;hendrohartono93@gmail.com;2245948672;KTP;10/07/2024;Diproses;10/09/2024
Dewi Kurniawan;dewikurniawan10@gmail.com;4568906051;Kartu Keluarga;6/30/2024;Disetujui;07/07/2024
Muhammad Prasetyo;muhammadprasetyo65@gmail.com;2066073848;Akta Kematian;8/18/2024;Ditolak;8/21/2024
Rudi Wijaya;rudiwijaya40@gmail.com;1221561028;KTP;5/21/2024;Diproses;5/22/2024
Hendro Wijaya;hendrowijaya41@gmail.com;8209356065;Akta Kematian;05/02/2025;Diproses;05/05/2025
Siti Sirait;sitisirait61@gmail.com;1593303238;KTP;6/28/2024;Diproses;6/29/2024
Susan Setiawan;susansetiawan16@gmail.com;8048194522;Kartu Keluarga;4/13/2025;Disetujui;4/15/2025
Susan Setiawan;susansetiawan56@gmail.com;5258373153;KTP;10/31/2024;Disetujui;11/02/2024
Hadi Setiawan;hadisetiawan25@gmail.com;9254619890;KTP;3/14/2025;Disetujui;3/16/2025
Lia Andriani;liaandriani34@gmail.com;747784277;KTP;08/01/2024;Disetujui;08/04/2024
Dedi Santoso;dedisantoso14@gmail.com;9506513517;Kartu Keluarga;07/09/2024;Disetujui;07/10/2024
Dedi Hartono;dedihartono90@gmail.com;5562814426;KTP;01/12/2025;Disetujui;1/17/2025
Bambang Kurniawan;bambangkurniawan14@gmail.com;2569395501;Kartu Keluarga;03/05/2025;Ditolak;03/09/2025
Ani Santoso;anisantoso75@gmail.com;7280799825;Kartu Keluarga;8/27/2024;Diproses;8/28/2024
Taufik Santoso;taufiksantoso71@gmail.com;3525581277;Kartu Keluarga;03/01/2025;Disetujui;03/07/2025
Iwan Santoso;iwansantoso48@gmail.com;6350632840;Akta Kelahiran;01/11/2025;Diproses;01/12/2025
Indah Prasetyo;indahprasetyo84@gmail.com;4088062684;Akta Kelahiran;11/26/2024;Diproses;12/03/2024
Yuni Susanto;yunisusanto35@gmail.com;3320708509;Akta Kematian;08/07/2024;Disetujui;8/14/2024
Rita Santoso;ritasantoso31@gmail.com;5418540289;Kartu Keluarga;01/09/2025;Disetujui;01/11/2025
Dedi Hartono;dedihartono65@gmail.com;8576374867;KTP;2/21/2025;Diproses;2/24/2025
Wati Saputra;watisaputra70@gmail.com;8272312899;Akta Kematian;01/12/2025;Ditolak;1/15/2025
Muhammad Andriani;muhammadandriani48@gmail.com;6532020232;Kartu Keluarga;5/21/2024;Disetujui;5/25/2024
Bambang Sirait;bambangsirait23@gmail.com;3865186143;Kartu Keluarga;10/12/2024;Diproses;10/14/2024
Adi Gunawan;adigunawan82@gmail.com;3119534264;KTP;04/06/2025;Diproses;4/13/2025
Budi Wijaya;budiwijaya93@gmail.com;4110223834;Kartu Keluarga;1/15/2025;Diproses;1/18/2025
Ani Hutapea;anihutapea56@gmail.com;1361731685;Kartu Keluarga;5/18/2024;Disetujui;5/25/2024
Slamet Pranoto;slametpranoto50@gmail.com;928052232;KTP;04/09/2025;Ditolak;4/14/2025
Erni Setiawan;ernisetiawan36@gmail.com;9722193895;Akta Kematian;1/28/2025;Ditolak;02/03/2025
Indah Setiawan;indahsetiawan86@gmail.com;8028010337;Kartu Keluarga;3/23/2025;Diproses;3/26/2025
Rudi Gunawan;rudigunawan49@gmail.com;4292068209;Akta Kematian;4/29/2025;Ditolak;05/03/2025
Fitri Andriani;fitriandriani23@gmail.com;3909777748;KTP;8/28/2024;Ditolak;8/29/2024
Agus Gunawan;agusgunawan55@gmail.com;1940809914;Kartu Keluarga;08/08/2024;Ditolak;8/15/2024
Ani Hidayat;anihidayat98@gmail.com;7269444697;KTP;1/13/2025;Ditolak;1/19/2025
Hadi Gunawan;hadigunawan75@gmail.com;8545819084;Akta Kematian;02/03/2025;Ditolak;02/05/2025
Taufik Wijaya;taufikwijaya46@gmail.com;5185716241;Akta Kelahiran;4/29/2025;Ditolak;05/05/2025
Rina Sirait;rinasirait19@gmail.com;7363562772;KTP;9/15/2024;Disetujui;9/16/2024
Yuni Sirait;yunisirait83@gmail.com;7933764438;Akta Kelahiran;1/29/2025;Disetujui;1/30/2025
Ani Santoso;anisantoso51@gmail.com;1623398760;Kartu Keluarga;10/27/2024;Disetujui;10/28/2024
Lia Sirait;liasirait31@gmail.com;4440552444;Akta Kematian;4/22/2025;Disetujui;4/24/2025
Taufik Hartono;taufikhartono75@gmail.com;5457437908;KTP;11/27/2024;Disetujui;11/30/2024
Ahmad Saputra;ahmadsaputra98@gmail.com;3105214061;Akta Kematian;9/23/2024;Diproses;9/24/2024
Siti Hutapea;sitihutapea96@gmail.com;2951648227;KTP;7/24/2024;Diproses;7/29/2024
Lia Setiawan;liasetiawan19@gmail.com;1859203060;Kartu Keluarga;3/22/2025;Ditolak;3/24/2025
Hendro Susanto;hendrosusanto65@gmail.com;8293766773;KTP;04/02/2025;Diproses;04/03/2025
Hendro Gunawan;hendrogunawan57@gmail.com;9284155770;Akta Kelahiran;9/15/2024;Ditolak;9/20/2024
Fitri Hartono;fitrihartono94@gmail.com;964270528;Kartu Keluarga;6/18/2024;Ditolak;6/21/2024
Maya Hartono;mayahartono41@gmail.com;1562257729;Kartu Keluarga;03/05/2025;Diproses;03/08/2025
Eko Santoso;ekosantoso36@gmail.com;2420168466;Akta Kelahiran;7/18/2024;Ditolak;7/21/2024
Fitri Hutapea;fitrihutapea65@gmail.com;3597338748;KTP;8/28/2024;Ditolak;09/04/2024
Lia Andriani;liaandriani55@gmail.com;4103055359;Akta Kematian;9/28/2024;Diproses;10/01/2024
Yulio Gunawan;yuliogunawan26@gmail.com;9503539688;KTP;02/05/2025;Diproses;02/09/2025
Iwan Kurniawan;iwankurniawan98@gmail.com;2262000909;KTP;6/26/2024;Diproses;07/01/2024
Lia Setiawan;liasetiawan68@gmail.com;5767273623;Kartu Keluarga;9/27/2024;Disetujui;9/29/2024
Dewi Setiawan;dewisetiawan78@gmail.com;3775152054;KTP;7/28/2024;Disetujui;08/02/2024
Dedi Santoso;dedisantoso16@gmail.com;589656833;Akta Kematian;3/13/2025;Disetujui;3/18/2025
Dewi Gunawan;dewigunawan76@gmail.com;1671742502;Akta Kelahiran;10/08/2024;Disetujui;10/12/2024
Slamet Santoso;slametsantoso84@gmail.com;9807691697;Kartu Keluarga;8/23/2024;Ditolak;8/24/2024
Rina Wijaya;rinawijaya41@gmail.com;5385409138;KTP;06/01/2024;Disetujui;06/05/2024
Budi Susanto;budisusanto25@gmail.com;145680386;KTP;10/17/2024;Ditolak;10/18/2024
Rudi Susanto;rudisusanto99@gmail.com;2887890904;KTP;8/19/2024;Diproses;8/26/2024
Nurul Prasetyo;nurulprasetyo43@gmail.com;7552355005;Akta Kematian;8/23/2024;Ditolak;8/28/2024
Rina Setiawan;rinasetiawan60@gmail.com;8197935659;KTP;11/25/2024;Diproses;11/29/2024
Susan Wijaya;susanwijaya93@gmail.com;6878385715;Akta Kematian;11/22/2024;Disetujui;11/25/2024
Indah Hutapea;indahhutapea61@gmail.com;4668123761;Akta Kematian;4/30/2025;Ditolak;05/04/2025
Eko Gunawan;ekogunawan96@gmail.com;2207484976;Akta Kelahiran;4/22/2025;Ditolak;4/23/2025
Fitri Prasetyo;fitriprasetyo74@gmail.com;6084613437;Akta Kelahiran;02/02/2025;Diproses;02/06/2025
Rina Setiawan;rinasetiawan31@gmail.com;136461010;KTP;5/22/2024;Disetujui;5/29/2024
Indah Prasetyo;indahprasetyo13@gmail.com;8134756734;KTP;02/07/2025;Disetujui;02/11/2025
Iwan Kurniawan;iwankurniawan70@gmail.com;6897135999;Akta Kematian;05/08/2025;Ditolak;5/15/2025
Rudi Hutapea;rudihutapea55@gmail.com;1438957489;KTP;02/06/2025;Diproses;02/11/2025
Ahmad Hidayat;ahmadhidayat38@gmail.com;8328897605;KTP;08/03/2024;Disetujui;08/09/2024
Siti Prasetyo;sitiprasetyo18@gmail.com;8340327121;Akta Kematian;5/23/2024;Diproses;5/26/2024
Rina Prasetyo;rinaprasetyo74@gmail.com;6345760318;KTP;2/17/2025;Disetujui;2/21/2025
Hendro Kurniawan;hendrokurniawan42@gmail.com;5577890438;Kartu Keluarga;10/06/2024;Ditolak;10/13/2024
Hendro Wijaya;hendrowijaya35@gmail.com;3504266467;Akta Kematian;2/28/2025;Disetujui;03/07/2025
Rudi Santoso;rudisantoso82@gmail.com;4685444620;Akta Kelahiran;5/25/2024;Disetujui;5/26/2024
Erni Wijaya;erniwijaya10@gmail.com;4104708350;Akta Kematian;10/25/2024;Disetujui;10/30/2024
Siti Wijaya;sitiwijaya36@gmail.com;5434983210;Kartu Keluarga;06/11/2024;Diproses;6/13/2024
Eko Saputra;ekosaputra57@gmail.com;1059945600;Akta Kematian;12/24/2024;Ditolak;12/27/2024
Eko Pranoto;ekopranoto69@gmail.com;1955597057;Akta Kelahiran;10/11/2024;Diproses;10/17/2024
Dedi Setiawan;dedisetiawan19@gmail.com;3939267365;Akta Kematian;7/17/2024;Disetujui;7/22/2024
Hendro Sirait;hendrosirait73@gmail.com;4360000610;KTP;2/22/2025;Diproses;2/28/2025
Bambang Hartono;bambanghartono76@gmail.com;3492302432;KTP;03/04/2025;Disetujui;03/05/2025
Hendro Hidayat;hendrohidayat96@gmail.com;8350534946;Akta Kematian;2/14/2025;Ditolak;2/21/2025
Indah Hartono;indahhartono91@gmail.com;4694307971;Kartu Keluarga;08/01/2024;Disetujui;08/06/2024
Fitri Hidayat;fitrihidayat77@gmail.com;5748035291;KTP;3/15/2025;Disetujui;3/19/2025
Wati Gunawan;watigunawan41@gmail.com;6480337043;KTP;06/04/2024;Ditolak;06/05/2024
Adi Setiawan;adisetiawan93@gmail.com;1417373494;Kartu Keluarga;3/25/2025;Disetujui;3/26/2025
Yulio Gunawan;yuliogunawan60@gmail.com;8104758287;Akta Kelahiran;7/30/2024;Disetujui;08/04/2024
Ahmad Saputra;ahmadsaputra55@gmail.com;2257819022;Kartu Keluarga;4/16/2025;Disetujui;4/18/2025
Adi Prasetyo;adiprasetyo36@gmail.com;6431612817;Akta Kelahiran;06/07/2024;Disetujui;06/10/2024
Yuni Pranoto;yunipranoto19@gmail.com;4313266489;Akta Kematian;10/11/2024;Disetujui;10/13/2024
Muhammad Wijaya;muhammadwijaya38@gmail.com;1917326681;Akta Kelahiran;4/28/2025;Disetujui;05/02/2025
Yuni Sirait;yunisirait80@gmail.com;4897720081;Kartu Keluarga;08/12/2024;Disetujui;8/19/2024
Siti Prasetyo;sitiprasetyo39@gmail.com;4777537033;Kartu Keluarga;02/06/2025;Diproses;2/13/2025
Susan Hutapea;susanhutapea63@gmail.com;3009155372;Kartu Keluarga;1/26/2025;Ditolak;02/02/2025
Siti Kurniawan;sitikurniawan15@gmail.com;334771321;KTP;1/22/2025;Diproses;1/28/2025
Indah Setiawan;indahsetiawan34@gmail.com;1143969368;Kartu Keluarga;07/06/2024;Ditolak;07/12/2024
Maya Wijaya;mayawijaya75@gmail.com;3222827259;Kartu Keluarga;1/13/2025;Ditolak;1/14/2025
Hadi Nugroho;hadinugroho74@gmail.com;2692967822;KTP;8/28/2024;Disetujui;8/30/2024
Siti Setiawan;sitisetiawan20@gmail.com;3141127367;Kartu Keluarga;2/16/2025;Ditolak;2/18/2025
Lia Nugroho;lianugroho61@gmail.com;9035053722;KTP;07/06/2024;Ditolak;7/13/2024
Yulio Nugroho;yulionugroho37@gmail.com;5409663181;KTP;8/19/2024;Disetujui;8/20/2024
Rini Sirait;rinisirait60@gmail.com;6627923377;Akta Kelahiran;10/19/2024;Diproses;10/23/2024
Taufik Kurniawan;taufikkurniawan17@gmail.com;5848234707;Akta Kematian;1/19/2025;Diproses;1/24/2025
Ani Santoso;anisantoso62@gmail.com;6542100452;Akta Kelahiran;7/15/2024;Diproses;7/18/2024
Dewi Hartono;dewihartono96@gmail.com;568886437;Akta Kelahiran;04/08/2025;Disetujui;04/09/2025
Yuni Susanto;yunisusanto11@gmail.com;133298654;KTP;05/07/2025;Disetujui;05/08/2025
Dedi Gunawan;dedigunawan68@gmail.com;6485554160;KTP;4/13/2025;Diproses;4/20/2025
Siti Saputra;sitisaputra46@gmail.com;2604195800;Akta Kelahiran;2/26/2025;Diproses;2/27/2025
Wati Hutapea;watihutapea36@gmail.com;3702148842;Akta Kelahiran;3/16/2025;Ditolak;3/20/2025
Rudi Santoso;rudisantoso86@gmail.com;1222721890;KTP;05/12/2025;Disetujui;5/13/2025
Rita Hartono;ritahartono66@gmail.com;700399756;Akta Kelahiran;07/10/2024;Disetujui;7/16/2024
Nurul Prasetyo;nurulprasetyo68@gmail.com;5653596366;Akta Kematian;4/13/2025;Ditolak;4/19/2025
Rini Nugroho;rininugroho15@gmail.com;412676548;Kartu Keluarga;11/17/2024;Ditolak;11/20/2024
Lia Hartono;liahartono42@gmail.com;5169848681;KTP;12/22/2024;Diproses;12/25/2024
Ahmad Gunawan;ahmadgunawan88@gmail.com;4148768506;Kartu Keluarga;1/16/2025;Disetujui;1/20/2025
Agus Andriani;agusandriani21@gmail.com;6774276948;KTP;11/21/2024;Disetujui;11/27/2024
Indah Gunawan;indahgunawan57@gmail.com;5503786724;Akta Kelahiran;07/08/2024;Diproses;07/11/2024
Rudi Santoso;rudisantoso81@gmail.com;4423949699;Akta Kelahiran;06/12/2024;Ditolak;6/17/2024
Adi Susanto;adisusanto78@gmail.com;6802152242;Akta Kelahiran;3/16/2025;Ditolak;3/20/2025
Susan Saputra;susansaputra82@gmail.com;1447412420;KTP;11/27/2024;Ditolak;12/01/2024
Muhammad Pranoto;muhammadpranoto59@gmail.com;1486057392;Akta Kematian;05/09/2025;Diproses;5/13/2025
Maya Hidayat;mayahidayat86@gmail.com;8749233382;Akta Kelahiran;3/19/2025;Disetujui;3/20/2025
Erni Andriani;erniandriani52@gmail.com;7084780233;Akta Kelahiran;02/07/2025;Diproses;02/10/2025
Taufik Hutapea;taufikhutapea54@gmail.com;9427386767;Kartu Keluarga;3/19/2025;Disetujui;3/26/2025
Hadi Gunawan;hadigunawan11@gmail.com;9918970713;KTP;12/30/2024;Diproses;01/01/2025
Adi Andriani;adiandriani21@gmail.com;9307425116;Akta Kelahiran;9/29/2024;Ditolak;10/03/2024
Adi Prasetyo;adiprasetyo26@gmail.com;8559954428;Kartu Keluarga;04/08/2025;Ditolak;4/15/2025
Yulio Sirait;yuliosirait26@gmail.com;5402856747;Kartu Keluarga;7/27/2024;Ditolak;7/31/2024
Rudi Wijaya;rudiwijaya94@gmail.com;7319284126;Akta Kematian;2/20/2025;Disetujui;2/22/2025
Adi Prasetyo;adiprasetyo81@gmail.com;3866271152;Kartu Keluarga;10/11/2024;Ditolak;10/12/2024
Fitri Susanto;fitrisusanto80@gmail.com;2197207110;KTP;5/20/2024;Diproses;5/24/2024
Slamet Nugroho;slametnugroho92@gmail.com;1362904947;KTP;6/22/2024;Disetujui;6/28/2024
Maya Santoso;mayasantoso77@gmail.com;6840930298;KTP;5/30/2024;Ditolak;06/01/2024
Ani Nugroho;aninugroho74@gmail.com;9073983862;KTP;4/19/2025;Ditolak;4/25/2025
Rini Wijaya;riniwijaya91@gmail.com;5161446460;Kartu Keluarga;04/11/2025;Diproses;04/12/2025
Iwan Hidayat;iwanhidayat36@gmail.com;5574829115;Akta Kematian;08/12/2024;Ditolak;8/15/2024
Rita Saputra;ritasaputra34@gmail.com;7705406462;KTP;9/26/2024;Disetujui;9/27/2024
Taufik Nugroho;taufiknugroho40@gmail.com;7364140249;Akta Kematian;10/16/2024;Disetujui;10/19/2024
Susan Saputra;susansaputra39@gmail.com;7675913174;Akta Kematian;3/20/2025;Diproses;3/25/2025
Agus Santoso;agussantoso98@gmail.com;3305465585;Kartu Keluarga;6/29/2024;Disetujui;07/06/2024
Hendro Andriani;hendroandriani63@gmail.com;1716463446;KTP;9/19/2024;Ditolak;9/20/2024
Indah Pranoto;indahpranoto48@gmail.com;290246798;Akta Kematian;3/28/2025;Diproses;04/01/2025
Taufik Susanto;taufiksusanto78@gmail.com;6383114256;Akta Kelahiran;7/27/2024;Diproses;7/30/2024
Fitri Susanto;fitrisusanto38@gmail.com;1709427895;Akta Kematian;09/11/2024;Disetujui;9/15/2024
Iwan Hidayat;iwanhidayat14@gmail.com;214646677;Akta Kelahiran;5/20/2024;Diproses;5/22/2024
Bambang Hidayat;bambanghidayat24@gmail.com;4780930763;KTP;11/20/2024;Diproses;11/23/2024
Bambang Santoso;bambangsantoso63@gmail.com;7986240721;Kartu Keluarga;12/03/2024;Diproses;12/07/2024
Susan Pranoto;susanpranoto85@gmail.com;6438653511;Kartu Keluarga;10/19/2024;Disetujui;10/21/2024
Lia Pranoto;liapranoto94@gmail.com;9472227541;KTP;12/03/2024;Disetujui;12/05/2024
Adi Setiawan;adisetiawan78@gmail.com;9272077804;Kartu Keluarga;02/05/2025;Diproses;02/08/2025
Dewi Santoso;dewisantoso79@gmail.com;6589217030;Kartu Keluarga;08/08/2024;Diproses;08/10/2024
Hadi Santoso;hadisantoso27@gmail.com;9926659444;Akta Kematian;08/06/2024;Ditolak;08/11/2024
Wati Nugroho;watinugroho62@gmail.com;6840769066;Kartu Keluarga;11/08/2024;Ditolak;11/15/2024
Wati Nugroho;watinugroho24@gmail.com;5413124251;KTP;3/16/2025;Diproses;3/18/2025
Hendro Setiawan;hendrosetiawan60@gmail.com;9421806631;Kartu Keluarga;3/23/2025;Disetujui;3/25/2025
Maya Wijaya;mayawijaya27@gmail.com;2450217271;Akta Kelahiran;02/04/2025;Diproses;02/08/2025
Rita Setiawan;ritasetiawan56@gmail.com;5109901141;Kartu Keluarga;06/04/2024;Disetujui;06/11/2024
Hendro Sirait;hendrosirait55@gmail.com;87035365;Akta Kelahiran;9/27/2024;Ditolak;10/01/2024
Slamet Saputra;slametsaputra36@gmail.com;8158622697;Kartu Keluarga;3/26/2025;Ditolak;3/30/2025
Susan Hutapea;susanhutapea59@gmail.com;1713755242;Akta Kelahiran;06/04/2024;Ditolak;06/09/2024
Rita Prasetyo;ritaprasetyo13@gmail.com;1781599937;Kartu Keluarga;1/29/2025;Diproses;02/03/2025
Ani Nugroho;aninugroho82@gmail.com;3463947626;Akta Kelahiran;2/18/2025;Disetujui;2/19/2025
Maya Andriani;mayaandriani26@gmail.com;3865327540;Akta Kematian;12/12/2024;Disetujui;12/17/2024
Siti Saputra;sitisaputra75@gmail.com;5467638518;Kartu Keluarga;11/28/2024;Disetujui;12/05/2024
Ani Susanto;anisusanto80@gmail.com;198165457;KTP;9/23/2024;Disetujui;9/30/2024
Slamet Sirait;slametsirait17@gmail.com;4484682052;Akta Kelahiran;11/11/2024;Ditolak;11/15/2024
Maya Pranoto;mayapranoto79@gmail.com;3926167363;KTP;05/07/2025;Diproses;5/14/2025
Hadi Nugroho;hadinugroho80@gmail.com;4756732262;Akta Kelahiran;11/04/2024;Diproses;11/08/2024
Wati Susanto;watisusanto28@gmail.com;1314322821;Akta Kelahiran;4/17/2025;Ditolak;4/20/2025
Bambang Pranoto;bambangpranoto22@gmail.com;3019121551;Akta Kematian;03/05/2025;Diproses;03/09/2025
Fitri Andriani;fitriandriani53@gmail.com;7217538959;Akta Kelahiran;07/02/2024;Ditolak;07/06/2024
Lia Setiawan;liasetiawan17@gmail.com;2918190202;Akta Kelahiran;08/10/2024;Diproses;8/13/2024
Nurul Kurniawan;nurulkurniawan53@gmail.com;5209660399;Akta Kematian;06/12/2024;Ditolak;6/17/2024
Hendro Andriani;hendroandriani57@gmail.com;1910061027;Kartu Keluarga;12/31/2024;Diproses;01/03/2025
Yuni Saputra;yunisaputra74@gmail.com;3587148063;Kartu Keluarga;7/18/2024;Ditolak;7/21/2024
Rina Gunawan;rinagunawan12@gmail.com;3186668393;Akta Kelahiran;9/24/2024;Diproses;9/25/2024
Rina Hutapea;rinahutapea91@gmail.com;6172465594;Akta Kelahiran;03/05/2025;Disetujui;03/10/2025
Wati Pranoto;watipranoto67@gmail.com;3157806342;Kartu Keluarga;5/21/2024;Diproses;5/27/2024
Agus Susanto;agussusanto63@gmail.com;2719069512;Akta Kematian;08/04/2024;Ditolak;08/07/2024
Muhammad Hidayat;muhammadhidayat37@gmail.com;6620543625;Kartu Keluarga;11/21/2024;Ditolak;11/23/2024
Nurul Susanto;nurulsusanto41@gmail.com;6270020133;Kartu Keluarga;10/20/2024;Diproses;10/22/2024
Rini Nugroho;rininugroho36@gmail.com;1809313113;KTP;11/24/2024;Ditolak;11/26/2024
Agus Pranoto;aguspranoto16@gmail.com;725508254;Kartu Keluarga;8/13/2024;Diproses;8/18/2024
Agus Saputra;agussaputra48@gmail.com;9277901422;Akta Kelahiran;9/22/2024;Ditolak;9/25/2024
Rina Hidayat;rinahidayat96@gmail.com;9577357413;KTP;10/11/2024;Diproses;10/15/2024
Wati Hartono;watihartono34@gmail.com;8470773367;Kartu Keluarga;12/15/2024;Ditolak;12/21/2024
Fitri Setiawan;fitrisetiawan49@gmail.com;5089725681;Akta Kelahiran;4/15/2025;Disetujui;4/18/2025
Siti Hidayat;sitihidayat32@gmail.com;1221930794;KTP;6/19/2024;Disetujui;6/24/2024
Fitri Susanto;fitrisusanto24@gmail.com;1400586969;KTP;1/28/2025;Ditolak;1/29/2025
Bambang Andriani;bambangandriani65@gmail.com;4404929763;Akta Kelahiran;01/03/2025;Ditolak;01/08/2025
Yuni Susanto;yunisusanto67@gmail.com;5245030188;Akta Kelahiran;10/01/2024;Ditolak;10/02/2024
Wati Hidayat;watihidayat31@gmail.com;3407595262;KTP;04/10/2025;Diproses;04/11/2025
Rini Hartono;rinihartono93@gmail.com;8881260025;Akta Kematian;10/14/2024;Disetujui;10/18/2024
Ani Gunawan;anigunawan32@gmail.com;7757870210;Akta Kelahiran;09/07/2024;Disetujui;09/09/2024
Taufik Gunawan;taufikgunawan86@gmail.com;284075953;Akta Kelahiran;2/24/2025;Disetujui;2/28/2025
Hadi Susanto;hadisusanto43@gmail.com;9997859070;Akta Kematian;1/31/2025;Diproses;02/07/2025
Hadi Prasetyo;hadiprasetyo29@gmail.com;2581320195;Akta Kematian;10/17/2024;Diproses;10/18/2024
Wati Wijaya;watiwijaya63@gmail.com;1272010517;Akta Kematian;01/05/2025;Ditolak;01/08/2025
Ani Nugroho;aninugroho38@gmail.com;6123952869;KTP;08/05/2024;Ditolak;08/09/2024
Rita Setiawan;ritasetiawan78@gmail.com;169135180;KTP;6/24/2024;Disetujui;6/27/2024
Fitri Pranoto;fitripranoto92@gmail.com;6276392408;Akta Kematian;04/10/2025;Disetujui;4/16/2025
Rina Andriani;rinaandriani99@gmail.com;5946739821;Akta Kelahiran;02/06/2025;Diproses;02/07/2025
Wati Prasetyo;watiprasetyo96@gmail.com;5167401795;KTP;2/16/2025;Diproses;2/23/2025
Maya Gunawan;mayagunawan72@gmail.com;9243181812;Kartu Keluarga;6/17/2024;Disetujui;6/18/2024
Agus Pranoto;aguspranoto25@gmail.com;8616290078;Kartu Keluarga;10/23/2024;Diproses;10/30/2024
Ahmad Nugroho;ahmadnugroho55@gmail.com;243694316;KTP;6/17/2024;Diproses;6/18/2024
Susan Andriani;susanandriani41@gmail.com;7762482204;KTP;01/05/2025;Disetujui;01/06/2025
Rina Nugroho;rinanugroho50@gmail.com;7121695819;Akta Kematian;5/19/2024;Diproses;5/25/2024
Adi Saputra;adisaputra66@gmail.com;121326386;KTP;04/04/2025;Ditolak;04/05/2025
Rudi Wijaya;rudiwijaya55@gmail.com;6190357436;Akta Kelahiran;11/23/2024;Ditolak;11/26/2024
Slamet Prasetyo;slametprasetyo64@gmail.com;9174087683;Akta Kematian;2/19/2025;Ditolak;2/21/2025
Muhammad Sirait;muhammadsirait33@gmail.com;4425329148;Kartu Keluarga;5/19/2024;Diproses;5/22/2024
Rini Santoso;rinisantoso47@gmail.com;4965248129;Akta Kelahiran;9/14/2024;Disetujui;9/19/2024
Taufik Sirait;taufiksirait29@gmail.com;9155895191;Kartu Keluarga;09/11/2024;Ditolak;9/16/2024
Erni Hidayat;ernihidayat86@gmail.com;4738680739;KTP;3/27/2025;Ditolak;04/02/2025
Rudi Pranoto;rudipranoto57@gmail.com;7486155819;KTP;4/27/2025;Ditolak;05/03/2025
Maya Santoso;mayasantoso88@gmail.com;8641286443;KTP;06/03/2024;Ditolak;06/06/2024
Rita Hidayat;ritahidayat11@gmail.com;6896343818;KTP;10/01/2024;Diproses;10/04/2024
Hendro Wijaya;hendrowijaya63@gmail.com;7579996014;Akta Kelahiran;01/07/2025;Ditolak;1/13/2025
Wati Andriani;watiandriani26@gmail.com;4545500144;KTP;5/13/2025;Ditolak;5/20/2025
Rina Nugroho;rinanugroho10@gmail.com;6743545237;Akta Kelahiran;5/17/2024;Diproses;5/23/2024
Siti Hidayat;sitihidayat49@gmail.com;9227933967;Akta Kelahiran;10/07/2024;Disetujui;10/14/2024
Ani Hutapea;anihutapea27@gmail.com;1183879952;Akta Kematian;7/29/2024;Disetujui;08/04/2024
Wati Hutapea;watihutapea20@gmail.com;7902854313;Akta Kelahiran;9/14/2024;Disetujui;9/18/2024
Rudi Hartono;rudihartono55@gmail.com;1168320394;Kartu Keluarga;09/06/2024;Ditolak;9/13/2024
Yulio Andriani;yulioandriani42@gmail.com;6170465121;Akta Kematian;09/12/2024;Ditolak;9/18/2024
Susan Susanto;susansusanto97@gmail.com;8050855545;Akta Kematian;11/02/2024;Diproses;11/07/2024
Adi Saputra;adisaputra67@gmail.com;858262413;Kartu Keluarga;08/10/2024;Diproses;08/12/2024
Erni Pranoto;ernipranoto23@gmail.com;8358042766;KTP;12/16/2024;Disetujui;12/22/2024
Rina Andriani;rinaandriani42@gmail.com;4667142503;KTP;02/10/2025;Disetujui;02/12/2025
Maya Saputra;mayasaputra61@gmail.com;1713014205;Akta Kematian;8/15/2024;Diproses;8/22/2024
Lia Santoso;liasantoso71@gmail.com;5655653168;Akta Kematian;04/05/2025;Disetujui;04/06/2025
Rudi Pranoto;rudipranoto94@gmail.com;5165719310;Akta Kematian;10/06/2024;Diproses;10/07/2024
Yuni Prasetyo;yuniprasetyo68@gmail.com;624874553;KTP;07/02/2024;Ditolak;07/07/2024
Indah Santoso;indahsantoso27@gmail.com;2112199426;Akta Kelahiran;4/17/2025;Diproses;4/20/2025
Rini Pranoto;rinipranoto75@gmail.com;9981253094;Akta Kematian;01/03/2025;Diproses;01/04/2025
Iwan Hutapea;iwanhutapea78@gmail.com;3163198116;KTP;12/02/2024;Diproses;12/09/2024
Wati Prasetyo;watiprasetyo42@gmail.com;5144338830;KTP;5/14/2025;Ditolak;5/18/2025
Rudi Setiawan;rudisetiawan46@gmail.com;3654191672;KTP;06/01/2024;Diproses;06/04/2024
Maya Sirait;mayasirait66@gmail.com;2871617072;Akta Kematian;07/02/2024;Ditolak;07/04/2024
Susan Kurniawan;susankurniawan93@gmail.com;2337689418;Akta Kematian;1/18/2025;Disetujui;1/23/2025
Rini Kurniawan;rinikurniawan39@gmail.com;8108465284;Kartu Keluarga;9/20/2024;Disetujui;9/26/2024
Taufik Santoso;taufiksantoso44@gmail.com;7060207228;Akta Kelahiran;7/15/2024;Diproses;7/19/2024
Budi Sirait;budisirait76@gmail.com;4449157993;Kartu Keluarga;10/05/2024;Ditolak;10/08/2024
Iwan Susanto;iwansusanto74@gmail.com;7894702105;Akta Kematian;9/22/2024;Ditolak;9/28/2024
Dedi Hidayat;dedihidayat74@gmail.com;1765291253;Akta Kelahiran;1/14/2025;Diproses;1/16/2025
Iwan Hutapea;iwanhutapea22@gmail.com;7642711588;Akta Kelahiran;09/07/2024;Disetujui;09/09/2024
Iwan Setiawan;iwansetiawan16@gmail.com;4161735265;Akta Kelahiran;2/22/2025;Diproses;2/27/2025
Dedi Hartono;dedihartono43@gmail.com;2747870974;KTP;06/07/2024;Ditolak;06/11/2024
Ani Sirait;anisirait93@gmail.com;5959969230;Kartu Keluarga;7/19/2024;Ditolak;7/20/2024
Yuni Prasetyo;yuniprasetyo79@gmail.com;1024736832;KTP;11/24/2024;Ditolak;11/26/2024
Agus Wijaya;aguswijaya94@gmail.com;2929803493;Akta Kematian;12/25/2024;Ditolak;12/28/2024
Rina Kurniawan;rinakurniawan28@gmail.com;1702425487;Akta Kelahiran;7/16/2024;Disetujui;7/22/2024
Erni Pranoto;ernipranoto40@gmail.com;1515772225;Akta Kelahiran;8/29/2024;Diproses;09/02/2024
Adi Santoso;adisantoso89@gmail.com;7837313628;Akta Kelahiran;7/20/2024;Disetujui;7/21/2024
Muhammad Prasetyo;muhammadprasetyo66@gmail.com;1797422776;Kartu Keluarga;3/17/2025;Ditolak;3/19/2025
Susan Setiawan;susansetiawan39@gmail.com;5893399160;KTP;04/12/2025;Disetujui;4/16/2025
Muhammad Hartono;muhammadhartono79@gmail.com;6679087256;KTP;9/30/2024;Ditolak;10/04/2024
Yulio Andriani;yulioandriani47@gmail.com;3722961652;Kartu Keluarga;9/14/2024;Disetujui;9/17/2024
Bambang Saputra;bambangsaputra90@gmail.com;3902652074;Akta Kematian;5/23/2024;Ditolak;5/24/2024
Rudi Saputra;rudisaputra18@gmail.com;902134940;Akta Kematian;03/08/2025;Ditolak;03/11/2025
Eko Hartono;ekohartono80@gmail.com;5609882954;KTP;07/07/2024;Ditolak;07/11/2024
Indah Prasetyo;indahprasetyo90@gmail.com;8630093333;Akta Kematian;5/30/2024;Diproses;06/01/2024
Budi Susanto;budisusanto20@gmail.com;2152595314;Kartu Keluarga;10/04/2024;Diproses;10/09/2024
Hendro Saputra;hendrosaputra77@gmail.com;2428676111;KTP;9/19/2024;Diproses;9/25/2024
Rini Pranoto;rinipranoto96@gmail.com;7550915735;Akta Kematian;5/28/2024;Disetujui;5/30/2024
Muhammad Kurniawan;muhammadkurniawan89@gmail.com;5264090303;Akta Kelahiran;5/21/2024;Diproses;5/26/2024
Budi Setiawan;budisetiawan25@gmail.com;7480247821;KTP;11/03/2024;Ditolak;11/09/2024
Fitri Santoso;fitrisantoso71@gmail.com;7681717351;Kartu Keluarga;6/18/2024;Ditolak;6/25/2024
Bambang Hidayat;bambanghidayat50@gmail.com;7596145547;Akta Kematian;01/04/2025;Ditolak;01/08/2025
Ani Hidayat;anihidayat56@gmail.com;7398799383;Akta Kematian;6/17/2024;Diproses;6/18/2024
Wati Pranoto;watipranoto56@gmail.com;9309209168;Kartu Keluarga;6/30/2024;Disetujui;07/04/2024
Adi Prasetyo;adiprasetyo57@gmail.com;4660526146;KTP;6/28/2024;Ditolak;6/30/2024
Hendro Prasetyo;hendroprasetyo77@gmail.com;4054263488;Kartu Keluarga;1/21/2025;Ditolak;1/28/2025
Bambang Hutapea;bambanghutapea37@gmail.com;5615972549;Kartu Keluarga;06/03/2024;Disetujui;06/04/2024
Eko Nugroho;ekonugroho43@gmail.com;4542111603;KTP;5/27/2024;Ditolak;5/30/2024
Indah Pranoto;indahpranoto94@gmail.com;152576769;KTP;05/07/2025;Disetujui;05/10/2025
Wati Sirait;watisirait44@gmail.com;4460730532;Kartu Keluarga;5/29/2024;Disetujui;06/05/2024
Dewi Kurniawan;dewikurniawan60@gmail.com;1429524923;Akta Kelahiran;5/17/2024;Ditolak;5/19/2024
Rudi Setiawan;rudisetiawan78@gmail.com;8131752911;Akta Kematian;10/20/2024;Diproses;10/24/2024
Lia Susanto;liasusanto71@gmail.com;1117596911;Kartu Keluarga;5/18/2024;Disetujui;5/25/2024
Maya Susanto;mayasusanto87@gmail.com;241023917;Akta Kematian;7/14/2024;Disetujui;7/16/2024
Iwan Hidayat;iwanhidayat22@gmail.com;7145303844;Akta Kelahiran;6/25/2024;Disetujui;6/27/2024
Wati Susanto;watisusanto69@gmail.com;2698523081;Kartu Keluarga;1/14/2025;Diproses;1/20/2025
Dewi Hartono;dewihartono43@gmail.com;9580771754;Akta Kematian;2/24/2025;Diproses;03/02/2025
Rini Sirait;rinisirait20@gmail.com;3782479824;Akta Kelahiran;6/17/2024;Ditolak;6/23/2024
Agus Hidayat;agushidayat76@gmail.com;4043396940;Kartu Keluarga;06/10/2024;Diproses;6/14/2024
Rudi Hutapea;rudihutapea24@gmail.com;3065581517;Akta Kelahiran;08/12/2024;Ditolak;8/14/2024
Ahmad Pranoto;ahmadpranoto39@gmail.com;6803361596;Kartu Keluarga;5/15/2025;Ditolak;5/16/2025
Dedi Hartono;dedihartono71@gmail.com;3631243597;Akta Kelahiran;4/15/2025;Diproses;4/21/2025
Budi Hartono;budihartono95@gmail.com;2866204067;Akta Kematian;6/20/2024;Ditolak;6/21/2024
Rini Pranoto;rinipranoto49@gmail.com;628719131;Akta Kematian;10/01/2024;Diproses;10/08/2024
Slamet Wijaya;slametwijaya53@gmail.com;3587258709;KTP;1/13/2025;Ditolak;1/14/2025
Hendro Kurniawan;hendrokurniawan34@gmail.com;1172413439;Kartu Keluarga;8/26/2024;Disetujui;09/02/2024
Maya Susanto;mayasusanto85@gmail.com;3863718506;KTP;05/07/2025;Disetujui;05/11/2025
Erni Gunawan;ernigunawan98@gmail.com;9580369580;KTP;5/27/2024;Ditolak;06/03/2024
Susan Wijaya;susanwijaya47@gmail.com;3429877118;Akta Kelahiran;04/05/2025;Disetujui;04/11/2025
Siti Hutapea;sitihutapea91@gmail.com;9051226802;Kartu Keluarga;12/15/2024;Ditolak;12/17/2024
Rita Prasetyo;ritaprasetyo74@gmail.com;8620523276;KTP;11/19/2024;Ditolak;11/21/2024
Dedi Susanto;dedisusanto38@gmail.com;440946436;Akta Kematian;5/25/2024;Disetujui;5/28/2024
Hadi Nugroho;hadinugroho19@gmail.com;1186303799;KTP;8/25/2024;Diproses;8/29/2024
Hendro Hartono;hendrohartono73@gmail.com;2290745274;Kartu Keluarga;02/01/2025;Ditolak;02/04/2025
Lia Pranoto;liapranoto80@gmail.com;2575428604;KTP;11/10/2024;Diproses;11/17/2024
Maya Prasetyo;mayaprasetyo67@gmail.com;9493461150;KTP;2/23/2025;Diproses;2/24/2025
Dewi Hutapea;dewihutapea19@gmail.com;1497500162;KTP;11/24/2024;Disetujui;11/30/2024
Susan Hutapea;susanhutapea21@gmail.com;6463194580;KTP;09/06/2024;Disetujui;9/13/2024
Fitri Sirait;fitrisirait52@gmail.com;3111506733;KTP;04/02/2025;Ditolak;04/06/2025
Indah Setiawan;indahsetiawan20@gmail.com;1597417571;Akta Kelahiran;1/30/2025;Diproses;02/03/2025
Taufik Santoso;taufiksantoso68@gmail.com;6407786018;KTP;12/09/2024;Disetujui;12/13/2024
Agus Hartono;agushartono68@gmail.com;678639057;Akta Kelahiran;11/30/2024;Disetujui;12/05/2024
Maya Santoso;mayasantoso10@gmail.com;5257027661;KTP;12/16/2024;Diproses;12/22/2024
Rudi Prasetyo;rudiprasetyo82@gmail.com;8939035000;Akta Kelahiran;4/13/2025;Ditolak;4/16/2025
Budi Susanto;budisusanto56@gmail.com;6256080992;KTP;1/23/2025;Ditolak;1/24/2025
Yulio Susanto;yuliosusanto50@gmail.com;7483707205;Kartu Keluarga;04/03/2025;Disetujui;04/09/2025
Erni Susanto;ernisusanto60@gmail.com;3817495178;Akta Kelahiran;9/21/2024;Ditolak;9/28/2024
Budi Susanto;budisusanto15@gmail.com;6596459174;Kartu Keluarga;8/23/2024;Disetujui;8/29/2024
Slamet Setiawan;slametsetiawan91@gmail.com;8284507787;Akta Kelahiran;08/08/2024;Ditolak;8/14/2024
Dewi Hutapea;dewihutapea71@gmail.com;8053247782;KTP;4/25/2025;Ditolak;4/30/2025
Slamet Susanto;slametsusanto74@gmail.com;1153052794;Akta Kematian;02/11/2025;Ditolak;02/12/2025
Hadi Hidayat;hadihidayat63@gmail.com;19232532;KTP;12/08/2024;Diproses;12/15/2024
Yuni Pranoto;yunipranoto40@gmail.com;7630732173;Kartu Keluarga;5/28/2024;Diproses;06/04/2024
Maya Gunawan;mayagunawan81@gmail.com;8085611311;Akta Kematian;9/19/2024;Ditolak;9/20/2024
Susan Hutapea;susanhutapea86@gmail.com;9211849748;KTP;11/13/2024;Diproses;11/18/2024
Maya Wijaya;mayawijaya53@gmail.com;9821490880;KTP;11/28/2024;Disetujui;11/29/2024
Yuni Andriani;yuniandriani79@gmail.com;6307890085;Kartu Keluarga;10/03/2024;Disetujui;10/06/2024
Eko Saputra;ekosaputra66@gmail.com;4495576878;Akta Kelahiran;10/08/2024;Ditolak;10/15/2024
Rudi Nugroho;rudinugroho35@gmail.com;8251230792;Akta Kematian;5/27/2024;Ditolak;06/03/2024
Nurul Setiawan;nurulsetiawan64@gmail.com;7744649052;Akta Kelahiran;3/26/2025;Ditolak;3/30/2025
Yulio Hartono;yuliohartono53@gmail.com;6027783669;KTP;02/06/2025;Disetujui;02/09/2025
Hendro Nugroho;hendronugroho38@gmail.com;5472483075;Akta Kematian;05/09/2025;Ditolak;5/14/2025
Maya Kurniawan;mayakurniawan33@gmail.com;8311329161;Akta Kematian;10/08/2024;Diproses;10/13/2024
Budi Santoso;budisantoso46@gmail.com;5815236244;Kartu Keluarga;12/13/2024;Disetujui;12/18/2024
Bambang Nugroho;bambangnugroho55@gmail.com;5931556501;Akta Kematian;12/08/2024;Diproses;12/10/2024
Dewi Setiawan;dewisetiawan87@gmail.com;2023557095;KTP;5/23/2024;Diproses;5/29/2024
Ani Sirait;anisirait62@gmail.com;2841767547;Kartu Keluarga;01/12/2025;Disetujui;1/16/2025
Susan Santoso;susansantoso40@gmail.com;1447687281;KTP;9/23/2024;Disetujui;9/28/2024
Ahmad Nugroho;ahmadnugroho47@gmail.com;7115434285;Kartu Keluarga;9/19/2024;Ditolak;9/24/2024
Fitri Santoso;fitrisantoso33@gmail.com;8909242245;Akta Kematian;2/17/2025;Diproses;2/24/2025
Ani Gunawan;anigunawan81@gmail.com;7126520501;KTP;07/12/2024;Disetujui;7/19/2024
Bambang Setiawan;bambangsetiawan90@gmail.com;1308640181;KTP;11/16/2024;Ditolak;11/21/2024
Wati Hartono;watihartono26@gmail.com;6456018688;Akta Kelahiran;01/03/2025;Ditolak;01/04/2025
Muhammad Hidayat;muhammadhidayat28@gmail.com;1181127537;Kartu Keluarga;01/01/2025;Diproses;01/07/2025
Iwan Andriani;iwanandriani70@gmail.com;5716943706;Akta Kematian;03/04/2025;Diproses;03/11/2025
Rita Setiawan;ritasetiawan56@gmail.com;9664775427;Akta Kelahiran;04/02/2025;Diproses;04/04/2025
Rudi Hidayat;rudihidayat64@gmail.com;4593610199;KTP;7/20/2024;Disetujui;7/25/2024
Siti Gunawan;sitigunawan68@gmail.com;3718772835;KTP;12/18/2024;Diproses;12/23/2024
Hadi Pranoto;hadipranoto14@gmail.com;3823261615;Akta Kematian;6/13/2024;Diproses;6/18/2024
Taufik Sirait;taufiksirait92@gmail.com;5472273295;Akta Kelahiran;08/03/2024;Disetujui;08/06/2024
Indah Pranoto;indahpranoto35@gmail.com;9380212589;Akta Kelahiran;8/16/2024;Ditolak;8/20/2024
Siti Andriani;sitiandriani66@gmail.com;3444789171;Akta Kematian;5/30/2024;Diproses;06/04/2024
Siti Pranoto;sitipranoto28@gmail.com;5034862756;Akta Kelahiran;6/24/2024;Ditolak;6/29/2024
Nurul Prasetyo;nurulprasetyo73@gmail.com;6942062228;KTP;03/11/2025;Ditolak;3/16/2025
Ani Kurniawan;anikurniawan39@gmail.com;9699930472;KTP;12/15/2024;Disetujui;12/18/2024
Adi Susanto;adisusanto66@gmail.com;2291513270;Akta Kematian;1/29/2025;Disetujui;02/05/2025
Ani Sirait;anisirait39@gmail.com;8515075037;KTP;09/07/2024;Ditolak;09/08/2024
Nurul Hidayat;nurulhidayat18@gmail.com;1218966745;KTP;12/16/2024;Disetujui;12/18/2024
Slamet Hartono;slamethartono93@gmail.com;3149211144;Kartu Keluarga;11/12/2024;Disetujui;11/18/2024
Iwan Santoso;iwansantoso11@gmail.com;4082348070;Akta Kematian;04/09/2025;Disetujui;04/12/2025
Susan Nugroho;susannugroho55@gmail.com;5097343515;Kartu Keluarga;4/15/2025;Diproses;4/22/2025
Dedi Nugroho;dedinugroho88@gmail.com;3459183428;Akta Kelahiran;10/26/2024;Ditolak;11/02/2024
Agus Hartono;agushartono14@gmail.com;7793802001;Kartu Keluarga;1/17/2025;Diproses;1/23/2025
Dewi Wijaya;dewiwijaya23@gmail.com;2478744532;Akta Kematian;1/25/2025;Ditolak;1/27/2025
Dedi Saputra;dedisaputra10@gmail.com;8277342843;Akta Kematian;10/26/2024;Ditolak;10/30/2024
Adi Hutapea;adihutapea24@gmail.com;7145682356;KTP;1/18/2025;Disetujui;1/24/2025
Susan Hartono;susanhartono78@gmail.com;8446857411;Kartu Keluarga;04/12/2025;Diproses;4/13/2025
Siti Hidayat;sitihidayat66@gmail.com;6018909034;Akta Kematian;12/11/2024;Diproses;12/12/2024
Yuni Santoso;yunisantoso83@gmail.com;8991446034;Kartu Keluarga;3/23/2025;Diproses;3/29/2025
Slamet Hartono;slamethartono84@gmail.com;8175408847;KTP;07/06/2024;Diproses;07/07/2024
Ahmad Hutapea;ahmadhutapea95@gmail.com;5817722551;Kartu Keluarga;6/18/2024;Ditolak;6/21/2024
Ahmad Nugroho;ahmadnugroho11@gmail.com;9467646108;Akta Kematian;01/10/2025;Disetujui;1/15/2025
Muhammad Hartono;muhammadhartono60@gmail.com;8998186034;Akta Kelahiran;07/04/2024;Ditolak;07/05/2024
Rina Prasetyo;rinaprasetyo15@gmail.com;6475873380;Akta Kelahiran;4/18/2025;Ditolak;4/25/2025
Siti Hutapea;sitihutapea43@gmail.com;5796226479;Akta Kelahiran;02/04/2025;Diproses;02/05/2025
Rudi Sirait;rudisirait60@gmail.com;2844856739;KTP;01/05/2025;Diproses;01/10/2025
Slamet Hutapea;slamethutapea79@gmail.com;4394410683;Akta Kematian;07/03/2024;Diproses;07/07/2024
Ani Hartono;anihartono48@gmail.com;6212431983;KTP;12/01/2024;Diproses;12/07/2024
Rita Hidayat;ritahidayat92@gmail.com;3324287946;Kartu Keluarga;10/17/2024;Disetujui;10/19/2024
Ahmad Susanto;ahmadsusanto70@gmail.com;7624560963;KTP;3/30/2025;Ditolak;04/06/2025
Dewi Nugroho;dewinugroho13@gmail.com;6705378497;Akta Kematian;9/24/2024;Diproses;9/27/2024
Muhammad Hutapea;muhammadhutapea64@gmail.com;3152500424;Akta Kematian;06/07/2024;Ditolak;6/14/2024
Fitri Nugroho;fitrinugroho38@gmail.com;318538296;KTP;5/27/2024;Diproses;5/28/2024
Hendro Pranoto;hendropranoto18@gmail.com;6776913308;Kartu Keluarga;06/01/2024;Disetujui;06/06/2024
Maya Hidayat;mayahidayat60@gmail.com;4018919548;Akta Kematian;8/24/2024;Diproses;8/25/2024
Fitri Susanto;fitrisusanto61@gmail.com;9605700251;Kartu Keluarga;08/09/2024;Diproses;08/11/2024
Adi Sirait;adisirait74@gmail.com;9650457625;Kartu Keluarga;1/19/2025;Diproses;1/25/2025
Erni Setiawan;ernisetiawan68@gmail.com;5845201077;Akta Kelahiran;4/21/2025;Diproses;4/23/2025
Rini Wijaya;riniwijaya83@gmail.com;8945780581;Akta Kematian;04/11/2025;Diproses;4/18/2025
Susan Nugroho;susannugroho56@gmail.com;8124823104;KTP;07/11/2024;Ditolak;7/17/2024
Dedi Nugroho;dedinugroho92@gmail.com;8125253903;KTP;4/24/2025;Disetujui;4/29/2025
Eko Susanto;ekosusanto37@gmail.com;4523094522;KTP;6/14/2024;Diproses;6/16/2024
Rita Hartono;ritahartono44@gmail.com;3471344758;Kartu Keluarga;10/14/2024;Ditolak;10/17/2024
Yuni Sirait;yunisirait29@gmail.com;14972611;Akta Kelahiran;07/11/2024;Ditolak;7/16/2024
Eko Sirait;ekosirait31@gmail.com;1637885866;Kartu Keluarga;05/08/2025;Diproses;5/13/2025
Erni Susanto;ernisusanto28@gmail.com;2031674774;Akta Kelahiran;09/11/2024;Disetujui;09/12/2024
Adi Pranoto;adipranoto80@gmail.com;3906280611;Akta Kematian;3/23/2025;Disetujui;3/29/2025
Budi Sirait;budisirait51@gmail.com;7036115102;KTP;11/30/2024;Ditolak;12/06/2024
Erni Gunawan;ernigunawan25@gmail.com;8082847620;KTP;5/22/2024;Ditolak;5/23/2024
Ahmad Pranoto;ahmadpranoto31@gmail.com;3503400835;KTP;11/06/2024;Ditolak;11/13/2024
Nurul Saputra;nurulsaputra14@gmail.com;2153621967;Akta Kematian;11/20/2024;Ditolak;11/24/2024
Rita Gunawan;ritagunawan38@gmail.com;543795237;KTP;11/10/2024;Disetujui;11/11/2024
Rini Santoso;rinisantoso56@gmail.com;952747129;Kartu Keluarga;10/18/2024;Diproses;10/20/2024
Taufik Sirait;taufiksirait44@gmail.com;4301529539;Akta Kematian;12/03/2024;Disetujui;12/08/2024
Yuni Hutapea;yunihutapea28@gmail.com;7252587169;Akta Kematian;09/10/2024;Ditolak;09/12/2024
Rini Hutapea;rinihutapea17@gmail.com;2344678533;Akta Kematian;11/27/2024;Disetujui;11/30/2024
Slamet Saputra;slametsaputra37@gmail.com;7376268944;Akta Kematian;12/27/2024;Ditolak;12/31/2024
Hendro Gunawan;hendrogunawan21@gmail.com;9615290182;Kartu Keluarga;1/15/2025;Diproses;1/17/2025
Nurul Wijaya;nurulwijaya20@gmail.com;1266432764;Akta Kelahiran;12/24/2024;Ditolak;12/27/2024
Adi Susanto;adisusanto61@gmail.com;5646112503;Akta Kelahiran;5/17/2024;Ditolak;5/21/2024
Adi Nugroho;adinugroho28@gmail.com;9782220551;Kartu Keluarga;10/28/2024;Ditolak;11/02/2024
Rudi Susanto;rudisusanto52@gmail.com;9762006099;Akta Kelahiran;12/31/2024;Disetujui;01/04/2025
Slamet Gunawan;slametgunawan59@gmail.com;4879747695;Akta Kematian;11/30/2024;Ditolak;12/01/2024
Rina Prasetyo;rinaprasetyo29@gmail.com;5224967054;KTP;07/03/2024;Ditolak;07/08/2024
Fitri Nugroho;fitrinugroho57@gmail.com;3957324585;Akta Kematian;1/22/2025;Diproses;1/24/2025
Susan Kurniawan;susankurniawan99@gmail.com;1342445355;Akta Kematian;09/06/2024;Disetujui;09/09/2024
Nurul Nugroho;nurulnugroho52@gmail.com;3372018214;Akta Kematian;12/20/2024;Disetujui;12/26/2024
Agus Pranoto;aguspranoto91@gmail.com;4052100978;Akta Kelahiran;09/01/2024;Disetujui;09/08/2024
Slamet Susanto;slametsusanto46@gmail.com;9270274285;Kartu Keluarga;4/19/2025;Disetujui;4/20/2025
Fitri Kurniawan;fitrikurniawan63@gmail.com;5375247158;Kartu Keluarga;6/28/2024;Disetujui;07/03/2024
Bambang Gunawan;bambanggunawan72@gmail.com;7586144868;Akta Kelahiran;8/17/2024;Ditolak;8/18/2024
Hendro Hartono;hendrohartono20@gmail.com;4549091740;KTP;09/08/2024;Ditolak;9/15/2024
Siti Andriani;sitiandriani34@gmail.com;3851591849;Akta Kelahiran;10/01/2024;Disetujui;10/02/2024
Budi Sirait;budisirait56@gmail.com;775940616;Akta Kelahiran;9/26/2024;Ditolak;9/27/2024
Budi Andriani;budiandriani86@gmail.com;7966289130;Akta Kematian;7/27/2024;Ditolak;7/31/2024
Susan Hartono;susanhartono40@gmail.com;7306394055;KTP;11/08/2024;Ditolak;11/14/2024
Taufik Saputra;taufiksaputra27@gmail.com;4919191055;KTP;10/26/2024;Ditolak;11/01/2024
Dewi Hidayat;dewihidayat16@gmail.com;3246308635;Kartu Keluarga;07/10/2024;Ditolak;7/15/2024
Taufik Wijaya;taufikwijaya23@gmail.com;2503423249;Kartu Keluarga;6/20/2024;Disetujui;6/24/2024
Rina Susanto;rinasusanto27@gmail.com;4600166351;Akta Kematian;5/15/2025;Disetujui;5/21/2025
Rudi Sirait;rudisirait13@gmail.com;1205492687;Akta Kematian;02/02/2025;Disetujui;02/06/2025
Agus Prasetyo;agusprasetyo90@gmail.com;5351071698;KTP;6/30/2024;Disetujui;07/01/2024
Hendro Pranoto;hendropranoto94@gmail.com;7520135307;Kartu Keluarga;3/16/2025;Diproses;3/17/2025
Siti Hartono;sitihartono44@gmail.com;1456823213;Akta Kelahiran;9/24/2024;Diproses;9/25/2024
Yulio Wijaya;yuliowijaya76@gmail.com;3248252727;KTP;06/05/2024;Ditolak;06/10/2024
Hadi Andriani;hadiandriani86@gmail.com;2912023719;Kartu Keluarga;1/15/2025;Disetujui;1/18/2025
Ani Hidayat;anihidayat74@gmail.com;1490164652;Kartu Keluarga;10/01/2024;Ditolak;10/08/2024
Budi Sirait;budisirait58@gmail.com;7213392075;Akta Kematian;12/27/2024;Disetujui;01/01/2025
Rina Wijaya;rinawijaya92@gmail.com;6854490842;Akta Kematian;10/12/2024;Ditolak;10/15/2024
Siti Hutapea;sitihutapea27@gmail.com;5404238519;Kartu Keluarga;2/16/2025;Disetujui;2/17/2025
Budi Santoso;budisantoso49@gmail.com;8187841009;Kartu Keluarga;5/27/2024;Ditolak;06/03/2024
Ahmad Pranoto;ahmadpranoto85@gmail.com;5607981770;KTP;07/06/2024;Ditolak;07/12/2024
Nurul Hidayat;nurulhidayat92@gmail.com;5308022414;KTP;3/19/2025;Diproses;3/20/2025
Dedi Sirait;dedisirait68@gmail.com;3016758186;KTP;01/04/2025;Disetujui;01/05/2025
Lia Andriani;liaandriani84@gmail.com;5857446148;Akta Kelahiran;04/08/2025;Ditolak;4/13/2025
Lia Gunawan;liagunawan96@gmail.com;1344119896;Kartu Keluarga;12/13/2024;Disetujui;12/15/2024
Rudi Gunawan;rudigunawan80@gmail.com;3356210087;KTP;11/21/2024;Diproses;11/25/2024
Ahmad Hutapea;ahmadhutapea35@gmail.com;5116964383;Akta Kelahiran;11/06/2024;Ditolak;11/09/2024
Rita Hartono;ritahartono91@gmail.com;1884699854;Kartu Keluarga;07/02/2024;Disetujui;07/06/2024
Maya Andriani;mayaandriani12@gmail.com;7943996667;Akta Kelahiran;12/29/2024;Disetujui;01/03/2025
Hendro Sirait;hendrosirait42@gmail.com;8251803075;KTP;08/02/2024;Diproses;08/09/2024
Lia Saputra;liasaputra70@gmail.com;1597504469;Akta Kelahiran;06/09/2024;Diproses;6/16/2024
Ahmad Gunawan;ahmadgunawan56@gmail.com;5598865835;Akta Kelahiran;9/15/2024;Ditolak;9/16/2024
Rini Setiawan;rinisetiawan57@gmail.com;3649807644;KTP;06/09/2024;Disetujui;6/13/2024
Wati Pranoto;watipranoto22@gmail.com;3862265707;Kartu Keluarga;1/26/2025;Disetujui;1/28/2025
Siti Hutapea;sitihutapea60@gmail.com;7819371348;Akta Kelahiran;03/11/2025;Ditolak;3/17/2025
Susan Prasetyo;susanprasetyo52@gmail.com;8589627831;Akta Kematian;6/24/2024;Ditolak;6/26/2024
Adi Gunawan;adigunawan90@gmail.com;3036290921;Kartu Keluarga;12/25/2024;Disetujui;01/01/2025
Rini Sirait;rinisirait25@gmail.com;1051428549;Akta Kelahiran;08/04/2024;Disetujui;08/09/2024
Ani Gunawan;anigunawan93@gmail.com;3540194318;Akta Kematian;09/11/2024;Disetujui;9/18/2024
Bambang Santoso;bambangsantoso82@gmail.com;302947194;Akta Kematian;7/18/2024;Diproses;7/19/2024
Taufik Hidayat;taufikhidayat79@gmail.com;1285508142;KTP;12/26/2024;Diproses;12/30/2024
Fitri Prasetyo;fitriprasetyo20@gmail.com;4187350663;Akta Kelahiran;2/16/2025;Ditolak;2/19/2025
Dedi Santoso;dedisantoso79@gmail.com;7615449607;Akta Kematian;12/08/2024;Disetujui;12/10/2024
Muhammad Pranoto;muhammadpranoto91@gmail.com;4660861447;Akta Kematian;12/21/2024;Diproses;12/22/2024
Iwan Wijaya;iwanwijaya81@gmail.com;5960907781;Kartu Keluarga;02/01/2025;Ditolak;02/04/2025
Siti Kurniawan;sitikurniawan64@gmail.com;3814617631;Akta Kelahiran;01/07/2025;Diproses;1/14/2025
Adi Hutapea;adihutapea77@gmail.com;6338089107;KTP;06/08/2024;Diproses;6/15/2024
Agus Setiawan;agussetiawan16@gmail.com;6341678524;Akta Kelahiran;4/25/2025;Disetujui;05/01/2025
Dedi Kurniawan;dedikurniawan50@gmail.com;6135512974;Akta Kelahiran;3/26/2025;Disetujui;3/28/2025
Dewi Sirait;dewisirait77@gmail.com;537217513;Akta Kematian;03/10/2025;Diproses;3/13/2025
Rini Hidayat;rinihidayat77@gmail.com;5173781993;Akta Kematian;06/10/2024;Disetujui;6/13/2024
Siti Nugroho;sitinugroho23@gmail.com;8323385620;KTP;11/12/2024;Ditolak;11/19/2024
Yulio Nugroho;yulionugroho48@gmail.com;8325542574;Akta Kematian;5/17/2024;Ditolak;5/21/2024
Hadi Setiawan;hadisetiawan53@gmail.com;6231829245;Akta Kelahiran;01/07/2025;Ditolak;1/13/2025
Budi Pranoto;budipranoto72@gmail.com;5411022721;Kartu Keluarga;04/10/2025;Diproses;4/14/2025
Agus Andriani;agusandriani68@gmail.com;8945687377;Akta Kematian;4/27/2025;Disetujui;05/01/2025
Iwan Saputra;iwansaputra84@gmail.com;9532455276;Akta Kelahiran;5/21/2024;Disetujui;5/22/2024
Susan Setiawan;susansetiawan12@gmail.com;6884231681;Kartu Keluarga;04/09/2025;Diproses;04/12/2025
Siti Sirait;sitisirait62@gmail.com;9741972785;Kartu Keluarga;2/20/2025;Disetujui;2/22/2025
Rina Saputra;rinasaputra45@gmail.com;2438348086;Akta Kematian;6/27/2024;Diproses;6/28/2024
Susan Santoso;susansantoso24@gmail.com;6014565667;Kartu Keluarga;01/07/2025;Disetujui;01/09/2025
Adi Hidayat;adihidayat62@gmail.com;6988925166;Akta Kelahiran;1/21/2025;Disetujui;1/28/2025
Adi Pranoto;adipranoto15@gmail.com;4611231156;Akta Kematian;12/05/2024;Disetujui;12/09/2024
Rina Nugroho;rinanugroho35@gmail.com;9518097527;Akta Kematian;08/06/2024;Ditolak;8/13/2024
Dedi Gunawan;dedigunawan64@gmail.com;6423891971;Akta Kelahiran;7/19/2024;Ditolak;7/23/2024
Iwan Santoso;iwansantoso92@gmail.com;2929220602;Akta Kelahiran;11/28/2024;Disetujui;12/02/2024
Dewi Wijaya;dewiwijaya75@gmail.com;1233567380;Akta Kelahiran;11/02/2024;Diproses;11/04/2024
Budi Hartono;budihartono62@gmail.com;5140825112;Akta Kelahiran;9/14/2024;Diproses;9/21/2024
Siti Santoso;sitisantoso10@gmail.com;3377885723;Akta Kematian;9/21/2024;Ditolak;9/28/2024
Rudi Wijaya;rudiwijaya68@gmail.com;5248831598;KTP;8/17/2024;Disetujui;8/23/2024
Nurul Hutapea;nurulhutapea13@gmail.com;1130807602;Kartu Keluarga;8/18/2024;Diproses;8/23/2024
Rudi Santoso;rudisantoso10@gmail.com;3924402730;KTP;08/04/2024;Ditolak;08/11/2024
Taufik Wijaya;taufikwijaya93@gmail.com;5811396076;Kartu Keluarga;10/30/2024;Diproses;11/04/2024
Iwan Andriani;iwanandriani86@gmail.com;4395006619;Akta Kelahiran;2/26/2025;Ditolak;03/05/2025
Budi Kurniawan;budikurniawan93@gmail.com;2695222161;KTP;1/24/2025;Diproses;1/26/2025
Siti Nugroho;sitinugroho93@gmail.com;3803526866;KTP;2/23/2025;Ditolak;03/02/2025
Muhammad Kurniawan;muhammadkurniawan97@gmail.com;6769307528;KTP;10/13/2024;Disetujui;10/20/2024
Dedi Gunawan;dedigunawan63@gmail.com;6783104470;KTP;01/08/2025;Disetujui;1/13/2025
Agus Andriani;agusandriani47@gmail.com;9647408819;Akta Kematian;12/14/2024;Disetujui;12/17/2024
Lia Nugroho;lianugroho51@gmail.com;1632314207;Kartu Keluarga;01/11/2025;Ditolak;1/16/2025
Yulio Santoso;yuliosantoso47@gmail.com;6336657948;Akta Kematian;2/15/2025;Disetujui;2/22/2025
Nurul Santoso;nurulsantoso56@gmail.com;475773089;Akta Kelahiran;03/07/2025;Ditolak;03/11/2025
Agus Prasetyo;agusprasetyo28@gmail.com;3646756183;Kartu Keluarga;6/27/2024;Disetujui;07/04/2024
Budi Nugroho;budinugroho45@gmail.com;6963121356;Akta Kematian;8/31/2024;Disetujui;09/03/2024
Erni Sirait;ernisirait83@gmail.com;3946906160;Akta Kelahiran;1/28/2025;Disetujui;02/03/2025
Siti Santoso;sitisantoso66@gmail.com;4843713908;Akta Kelahiran;7/21/2024;Disetujui;7/24/2024
Taufik Andriani;taufikandriani66@gmail.com;602103229;Akta Kelahiran;10/14/2024;Disetujui;10/21/2024
Indah Wijaya;indahwijaya39@gmail.com;3057615853;KTP;12/25/2024;Ditolak;12/26/2024
Adi Hartono;adihartono64@gmail.com;511227548;Akta Kelahiran;08/04/2024;Diproses;08/07/2024
Muhammad Setiawan;muhammadsetiawan82@gmail.com;9626934380;KTP;8/19/2024;Disetujui;8/25/2024
Dedi Hidayat;dedihidayat95@gmail.com;2703997268;Kartu Keluarga;1/24/2025;Ditolak;1/27/2025
Budi Pranoto;budipranoto85@gmail.com;3534225122;Akta Kematian;4/29/2025;Diproses;05/06/2025
Indah Gunawan;indahgunawan82@gmail.com;855911697;Kartu Keluarga;1/20/2025;Ditolak;1/24/2025
Adi Pranoto;adipranoto67@gmail.com;5831746190;Akta Kelahiran;09/08/2024;Ditolak;09/12/2024
Indah Prasetyo;indahprasetyo53@gmail.com;3070958993;Akta Kematian;3/25/2025;Ditolak;3/31/2025
Ahmad Hidayat;ahmadhidayat78@gmail.com;8096321345;Akta Kelahiran;5/28/2024;Disetujui;06/02/2024
Slamet Pranoto;slametpranoto35@gmail.com;6732979790;Akta Kematian;08/03/2024;Diproses;08/07/2024
Dewi Andriani;dewiandriani70@gmail.com;7976614785;Akta Kelahiran;06/08/2024;Diproses;06/10/2024
Susan Pranoto;susanpranoto69@gmail.com;1373896834;Akta Kelahiran;8/28/2024;Diproses;8/29/2024
Rina Andriani;rinaandriani34@gmail.com;9191556425;Akta Kematian;10/21/2024;Diproses;10/23/2024
Rita Hartono;ritahartono47@gmail.com;1119856712;KTP;7/28/2024;Disetujui;08/04/2024
Rita Saputra;ritasaputra63@gmail.com;562929918;Kartu Keluarga;08/06/2024;Disetujui;08/12/2024
Slamet Andriani;slametandriani79@gmail.com;8328480828;KTP;8/22/2024;Diproses;8/26/2024
Nurul Pranoto;nurulpranoto47@gmail.com;4919210316;Akta Kelahiran;09/09/2024;Diproses;9/14/2024
Bambang Sirait;bambangsirait17@gmail.com;6416784338;Akta Kematian;6/28/2024;Diproses;6/30/2024
Rini Susanto;rinisusanto49@gmail.com;6429608794;Akta Kelahiran;10/29/2024;Diproses;11/05/2024
Iwan Andriani;iwanandriani18@gmail.com;7959244221;KTP;10/21/2024;Diproses;10/22/2024
Dedi Setiawan;dedisetiawan25@gmail.com;302940682;KTP;10/22/2024;Diproses;10/26/2024
Nurul Wijaya;nurulwijaya96@gmail.com;3431146217;Akta Kematian;01/04/2025;Diproses;01/11/2025
Hendro Santoso;hendrosantoso82@gmail.com;5016241367;Akta Kematian;04/08/2025;Ditolak;4/15/2025
Siti Hutapea;sitihutapea99@gmail.com;7105766249;Akta Kematian;11/15/2024;Ditolak;11/21/2024
Yuni Susanto;yunisusanto71@gmail.com;8672728302;Kartu Keluarga;07/06/2024;Disetujui;7/13/2024
Iwan Andriani;iwanandriani19@gmail.com;8989268315;KTP;11/06/2024;Disetujui;11/08/2024
Budi Setiawan;budisetiawan13@gmail.com;7132281424;KTP;3/15/2025;Diproses;3/21/2025
Rita Wijaya;ritawijaya72@gmail.com;9296510326;Akta Kelahiran;05/05/2025;Diproses;05/12/2025
Iwan Hartono;iwanhartono16@gmail.com;1635127555;Akta Kematian;6/15/2024;Diproses;6/17/2024
Ani Kurniawan;anikurniawan44@gmail.com;2500285752;Kartu Keluarga;7/24/2024;Diproses;7/27/2024
Susan Andriani;susanandriani42@gmail.com;9813997168;KTP;10/27/2024;Diproses;10/31/2024
Adi Wijaya;adiwijaya62@gmail.com;7299435411;KTP;1/22/2025;Ditolak;1/26/2025
Lia Sirait;liasirait69@gmail.com;7304527476;Akta Kematian;3/27/2025;Diproses;04/02/2025
Yulio Hidayat;yuliohidayat96@gmail.com;9277360400;KTP;11/03/2024;Ditolak;11/07/2024
Iwan Hartono;iwanhartono42@gmail.com;9276108799;Kartu Keluarga;11/28/2024;Diproses;12/01/2024
Ahmad Santoso;ahmadsantoso78@gmail.com;1665653236;KTP;8/27/2024;Ditolak;8/30/2024
Hadi Gunawan;hadigunawan14@gmail.com;9544994666;Kartu Keluarga;2/14/2025;Disetujui;2/19/2025
Eko Setiawan;ekosetiawan73@gmail.com;9962690313;Kartu Keluarga;9/19/2024;Disetujui;9/23/2024
Rita Pranoto;ritapranoto42@gmail.com;1528597294;Akta Kematian;10/02/2024;Ditolak;10/07/2024
Yuni Pranoto;yunipranoto65@gmail.com;3741705371;KTP;12/19/2024;Ditolak;12/24/2024
Budi Gunawan;budigunawan31@gmail.com;3680315317;Kartu Keluarga;3/25/2025;Disetujui;3/29/2025
Rudi Setiawan;rudisetiawan24@gmail.com;8260539039;KTP;11/01/2024;Disetujui;11/04/2024
Erni Susanto;ernisusanto93@gmail.com;7884780150;Akta Kelahiran;10/03/2024;Disetujui;10/04/2024
Susan Kurniawan;susankurniawan12@gmail.com;4997693573;Akta Kematian;5/15/2025;Diproses;5/17/2025
Yuni Hidayat;yunihidayat74@gmail.com;3098297877;Akta Kematian;10/05/2024;Diproses;10/09/2024
Eko Santoso;ekosantoso28@gmail.com;8448851854;KTP;9/17/2024;Diproses;9/19/2024
Maya Saputra;mayasaputra16@gmail.com;6182222286;Akta Kematian;5/25/2024;Ditolak;5/26/2024
Indah Setiawan;indahsetiawan66@gmail.com;5334745821;Akta Kelahiran;1/27/2025;Ditolak;1/30/2025
Ahmad Susanto;ahmadsusanto36@gmail.com;8769529185;KTP;10/05/2024;Ditolak;10/07/2024
Ahmad Hartono;ahmadhartono41@gmail.com;3288743681;Akta Kelahiran;3/13/2025;Ditolak;3/17/2025
Ani Hartono;anihartono18@gmail.com;3267537367;Akta Kematian;11/09/2024;Diproses;11/11/2024
Rudi Wijaya;rudiwijaya80@gmail.com;7447508403;Akta Kelahiran;9/18/2024;Diproses;9/25/2024
Nurul Hidayat;nurulhidayat25@gmail.com;4136069930;Kartu Keluarga;03/10/2025;Diproses;3/13/2025
Rini Gunawan;rinigunawan54@gmail.com;9736931973;Akta Kelahiran;12/02/2024;Ditolak;12/09/2024
Fitri Santoso;fitrisantoso16@gmail.com;9744581770;KTP;10/24/2024;Disetujui;10/25/2024
Susan Nugroho;susannugroho57@gmail.com;5381418403;Akta Kelahiran;07/12/2024;Diproses;7/15/2024
Muhammad Sirait;muhammadsirait66@gmail.com;5043801057;KTP;02/01/2025;Diproses;02/02/2025
Indah Sirait;indahsirait54@gmail.com;5342381353;KTP;07/08/2024;Ditolak;7/15/2024
Siti Saputra;sitisaputra37@gmail.com;3837805196;Kartu Keluarga;12/19/2024;Diproses;12/21/2024
Adi Pranoto;adipranoto92@gmail.com;4549117552;Akta Kelahiran;09/08/2024;Diproses;9/15/2024
Nurul Hidayat;nurulhidayat19@gmail.com;3494553249;Akta Kelahiran;09/08/2024;Ditolak;9/13/2024
Iwan Setiawan;iwansetiawan56@gmail.com;8092198947;Akta Kematian;6/28/2024;Diproses;6/29/2024
Muhammad Santoso;muhammadsantoso72@gmail.com;6699360402;Akta Kematian;5/15/2025;Disetujui;5/16/2025
Yulio Pranoto;yuliopranoto41@gmail.com;452709650;Akta Kelahiran;2/14/2025;Ditolak;2/17/2025
Taufik Susanto;taufiksusanto98@gmail.com;731583125;Akta Kelahiran;04/06/2025;Disetujui;04/10/2025
Dewi Hutapea;dewihutapea22@gmail.com;3762531232;Kartu Keluarga;1/22/2025;Diproses;1/26/2025
Slamet Sirait;slametsirait56@gmail.com;6438217712;Akta Kelahiran;7/29/2024;Diproses;08/04/2024
Ahmad Kurniawan;ahmadkurniawan43@gmail.com;4480587290;Kartu Keluarga;01/02/2025;Disetujui;01/04/2025
Yuni Gunawan;yunigunawan30@gmail.com;7841163638;Akta Kelahiran;11/20/2024;Disetujui;11/25/2024
Fitri Hutapea;fitrihutapea21@gmail.com;9424617846;Akta Kematian;08/01/2024;Ditolak;08/04/2024
Siti Andriani;sitiandriani65@gmail.com;7515402591;Kartu Keluarga;10/11/2024;Diproses;10/17/2024
Bambang Gunawan;bambanggunawan28@gmail.com;6727308151;KTP;4/15/2025;Ditolak;4/21/2025
Dedi Hartono;dedihartono97@gmail.com;8688433350;Akta Kelahiran;03/02/2025;Diproses;03/04/2025
Siti Andriani;sitiandriani16@gmail.com;3278079760;Akta Kelahiran;7/24/2024;Disetujui;7/28/2024
Hadi Hidayat;hadihidayat33@gmail.com;4650870293;Akta Kematian;8/22/2024;Disetujui;8/26/2024
Rita Wijaya;ritawijaya72@gmail.com;4793912935;Kartu Keluarga;5/26/2024;Disetujui;5/29/2024
Dewi Gunawan;dewigunawan88@gmail.com;2768079414;Kartu Keluarga;06/02/2024;Diproses;06/07/2024
Slamet Kurniawan;slametkurniawan72@gmail.com;3818617742;Akta Kelahiran;9/13/2024;Ditolak;9/15/2024
Rini Pranoto;rinipranoto70@gmail.com;3018401711;Akta Kelahiran;11/22/2024;Disetujui;11/27/2024
Lia Gunawan;liagunawan77@gmail.com;8470772102;Akta Kelahiran;01/06/2025;Diproses;01/07/2025
Susan Wijaya;susanwijaya60@gmail.com;1310829088;Akta Kematian;06/01/2024;Ditolak;06/04/2024
Hadi Sirait;hadisirait88@gmail.com;796538991;KTP;3/25/2025;Diproses;3/31/2025
Agus Nugroho;agusnugroho10@gmail.com;3755460033;Akta Kelahiran;3/16/2025;Disetujui;3/21/2025
Dewi Gunawan;dewigunawan16@gmail.com;1944308550;KTP;01/11/2025;Disetujui;1/17/2025
Rudi Saputra;rudisaputra87@gmail.com;1048576564;KTP;01/03/2025;Diproses;01/06/2025
Hadi Setiawan;hadisetiawan56@gmail.com;4975308283;Akta Kelahiran;1/27/2025;Disetujui;02/01/2025
Rini Hartono;rinihartono56@gmail.com;2842596451;Kartu Keluarga;3/15/2025;Ditolak;3/20/2025
Iwan Saputra;iwansaputra23@gmail.com;7892650935;Akta Kelahiran;8/26/2024;Ditolak;8/28/2024
Iwan Sirait;iwansirait94@gmail.com;7475123179;Akta Kematian;4/20/2025;Diproses;4/26/2025
Fitri Kurniawan;fitrikurniawan36@gmail.com;202868043;Kartu Keluarga;03/07/2025;Ditolak;03/10/2025
Siti Gunawan;sitigunawan74@gmail.com;9553598083;Akta Kematian;7/19/2024;Ditolak;7/26/2024
Indah Hartono;indahhartono51@gmail.com;9528426200;Kartu Keluarga;5/27/2024;Ditolak;5/30/2024
Susan Wijaya;susanwijaya87@gmail.com;6406369816;Akta Kelahiran;09/10/2024;Diproses;9/16/2024
Eko Saputra;ekosaputra89@gmail.com;3575241811;Kartu Keluarga;08/10/2024;Diproses;8/16/2024
Hendro Susanto;hendrosusanto92@gmail.com;3714305887;KTP;12/06/2024;Diproses;12/09/2024
Muhammad Sirait;muhammadsirait25@gmail.com;540075608;Akta Kelahiran;1/30/2025;Disetujui;02/01/2025
Slamet Hutapea;slamethutapea63@gmail.com;7235405869;KTP;8/26/2024;Diproses;8/28/2024
Adi Andriani;adiandriani85@gmail.com;3915620685;Kartu Keluarga;4/23/2025;Disetujui;4/25/2025
Rini Wijaya;riniwijaya41@gmail.com;438561779;Akta Kelahiran;12/26/2024;Ditolak;12/31/2024
Ani Pranoto;anipranoto89@gmail.com;5601439343;Akta Kematian;07/06/2024;Disetujui;7/13/2024
Hendro Nugroho;hendronugroho21@gmail.com;9978542709;Akta Kematian;3/19/2025;Diproses;3/24/2025
Ani Prasetyo;aniprasetyo68@gmail.com;7050347242;Kartu Keluarga;2/23/2025;Disetujui;2/26/2025
Indah Santoso;indahsantoso59@gmail.com;6998722749;Akta Kematian;8/25/2024;Disetujui;8/30/2024
Eko Prasetyo;ekoprasetyo16@gmail.com;8878291855;Akta Kelahiran;12/28/2024;Disetujui;12/29/2024
Rina Wijaya;rinawijaya72@gmail.com;9299893800;Akta Kelahiran;01/09/2025;Diproses;1/14/2025
Wati Nugroho;watinugroho66@gmail.com;9443709092;KTP;7/16/2024;Ditolak;7/20/2024
Dedi Prasetyo;dediprasetyo50@gmail.com;5628704566;Akta Kelahiran;5/31/2024;Diproses;06/03/2024
Rini Hidayat;rinihidayat24@gmail.com;3511229082;KTP;9/28/2024;Ditolak;10/01/2024
Susan Prasetyo;susanprasetyo81@gmail.com;826771960;KTP;06/07/2024;Disetujui;06/08/2024
Iwan Santoso;iwansantoso40@gmail.com;1513325307;Akta Kematian;12/01/2024;Disetujui;12/05/2024
Iwan Gunawan;iwangunawan79@gmail.com;2319470051;Kartu Keluarga;08/06/2024;Diproses;08/11/2024
Iwan Setiawan;iwansetiawan36@gmail.com;9781015127;Akta Kelahiran;8/16/2024;Disetujui;8/20/2024
Siti Nugroho;sitinugroho18@gmail.com;7322922986;Akta Kelahiran;12/14/2024;Disetujui;12/19/2024
Hadi Setiawan;hadisetiawan56@gmail.com;5623222604;Akta Kelahiran;5/13/2025;Ditolak;5/17/2025
Ani Gunawan;anigunawan74@gmail.com;5905654442;Akta Kelahiran;5/31/2024;Ditolak;06/01/2024
Rini Hidayat;rinihidayat41@gmail.com;3440161950;Akta Kematian;4/29/2025;Diproses;05/04/2025
Fitri Gunawan;fitrigunawan57@gmail.com;3199537717;KTP;12/05/2024;Ditolak;12/12/2024
Maya Nugroho;mayanugroho60@gmail.com;4606365;Akta Kelahiran;3/30/2025;Disetujui;04/06/2025
Yulio Prasetyo;yulioprasetyo38@gmail.com;7519778303;Kartu Keluarga;11/06/2024;Ditolak;11/12/2024
Iwan Susanto;iwansusanto10@gmail.com;3055575375;Akta Kematian;2/23/2025;Diproses;03/01/2025
Erni Hutapea;ernihutapea85@gmail.com;2821456585;KTP;01/06/2025;Diproses;01/10/2025
Slamet Wijaya;slametwijaya45@gmail.com;499201825;Akta Kematian;12/08/2024;Disetujui;12/15/2024
Rudi Andriani;rudiandriani31@gmail.com;5416181642;Akta Kematian;8/24/2024;Ditolak;8/31/2024
Bambang Wijaya;bambangwijaya56@gmail.com;3649487333;KTP;2/13/2025;Diproses;2/15/2025
Taufik Prasetyo;taufikprasetyo94@gmail.com;4704203613;Kartu Keluarga;10/30/2024;Ditolak;11/03/2024
Muhammad Kurniawan;muhammadkurniawan81@gmail.com;3345014330;Akta Kelahiran;4/21/2025;Diproses;4/25/2025
Slamet Andriani;slametandriani33@gmail.com;2187478922;KTP;12/19/2024;Ditolak;12/21/2024
Ahmad Susanto;ahmadsusanto63@gmail.com;7829643037;Akta Kematian;9/29/2024;Ditolak;10/02/2024
Taufik Andriani;taufikandriani99@gmail.com;3419469032;Akta Kematian;1/25/2025;Ditolak;1/26/2025
Slamet Pranoto;slametpranoto48@gmail.com;9718533793;KTP;5/27/2024;Diproses;06/03/2024
Yulio Prasetyo;yulioprasetyo74@gmail.com;3367912061;Kartu Keluarga;1/31/2025;Ditolak;02/02/2025
Iwan Kurniawan;iwankurniawan49@gmail.com;1511903725;Akta Kelahiran;5/24/2024;Diproses;5/31/2024
Ahmad Santoso;ahmadsantoso16@gmail.com;2226079382;Akta Kelahiran;12/10/2024;Ditolak;12/11/2024
Fitri Hartono;fitrihartono14@gmail.com;9730241619;Kartu Keluarga;2/14/2025;Diproses;2/20/2025
Fitri Saputra;fitrisaputra95@gmail.com;4913531539;Kartu Keluarga;1/23/2025;Disetujui;1/27/2025
Rudi Kurniawan;rudikurniawan62@gmail.com;555281371;Kartu Keluarga;5/20/2024;Diproses;5/24/2024
Bambang Hidayat;bambanghidayat48@gmail.com;8691349842;KTP;6/28/2024;Ditolak;6/29/2024
Yulio Nugroho;yulionugroho13@gmail.com;8621371756;Akta Kematian;12/17/2024;Diproses;12/24/2024
Dedi Andriani;dediandriani37@gmail.com;8781917066;Kartu Keluarga;12/21/2024;Ditolak;12/27/2024
Agus Hidayat;agushidayat64@gmail.com;9553262238;Akta Kelahiran;8/30/2024;Diproses;09/06/2024
Dewi Hartono;dewihartono45@gmail.com;7492600558;Akta Kelahiran;7/27/2024;Ditolak;08/03/2024
Wati Hidayat;watihidayat49@gmail.com;9527655877;Akta Kelahiran;12/02/2024;Ditolak;12/07/2024
Bambang Wijaya;bambangwijaya64@gmail.com;7731860541;Kartu Keluarga;09/09/2024;Ditolak;9/14/2024
Indah Setiawan;indahsetiawan66@gmail.com;7441496453;Akta Kelahiran;08/10/2024;Diproses;8/15/2024
Yulio Gunawan;yuliogunawan23@gmail.com;7356398612;Kartu Keluarga;08/04/2024;Diproses;08/05/2024
Hendro Susanto;hendrosusanto62@gmail.com;2710240777;Akta Kematian;3/14/2025;Diproses;3/15/2025
Muhammad Sirait;muhammadsirait94@gmail.com;2719907399;Akta Kelahiran;03/01/2025;Diproses;03/06/2025
Dedi Santoso;dedisantoso98@gmail.com;3386342107;Akta Kematian;05/09/2025;Ditolak;5/15/2025
Indah Gunawan;indahgunawan21@gmail.com;8028820050;KTP;8/22/2024;Diproses;8/26/2024
Wati Andriani;watiandriani78@gmail.com;879336321;Akta Kematian;5/16/2024;Ditolak;5/19/2024
Rita Hartono;ritahartono95@gmail.com;2447280542;Akta Kelahiran;11/03/2024;Ditolak;11/10/2024
Dedi Saputra;dedisaputra34@gmail.com;7918366069;Akta Kematian;02/04/2025;Ditolak;02/10/2025
Maya Sirait;mayasirait26@gmail.com;2045895571;KTP;12/09/2024;Ditolak;12/12/2024
Dedi Hidayat;dedihidayat44@gmail.com;4422442275;Akta Kelahiran;3/16/2025;Diproses;3/20/2025
Dewi Hidayat;dewihidayat61@gmail.com;6612655994;Kartu Keluarga;10/25/2024;Disetujui;10/27/2024
Hadi Nugroho;hadinugroho28@gmail.com;1198706691;Kartu Keluarga;5/13/2025;Diproses;5/18/2025
Lia Santoso;liasantoso67@gmail.com;2220858702;KTP;5/27/2024;Diproses;5/28/2024
Fitri Sirait;fitrisirait80@gmail.com;9031408467;Akta Kematian;10/29/2024;Disetujui;10/31/2024
Yuni Hartono;yunihartono35@gmail.com;9310146617;Kartu Keluarga;4/25/2025;Diproses;05/01/2025
Hendro Hartono;hendrohartono72@gmail.com;6079858065;Akta Kematian;12/29/2024;Disetujui;01/01/2025
Yulio Gunawan;yuliogunawan23@gmail.com;249468918;Akta Kematian;07/01/2024;Ditolak;07/03/2024
Rita Prasetyo;ritaprasetyo64@gmail.com;6010597303;KTP;3/20/2025;Disetujui;3/27/2025
Eko Hidayat;ekohidayat81@gmail.com;8188623369;KTP;5/16/2024;Ditolak;5/22/2024
Lia Setiawan;liasetiawan59@gmail.com;8531754002;Kartu Keluarga;10/23/2024;Disetujui;10/24/2024
Rini Gunawan;rinigunawan39@gmail.com;4338028784;Akta Kelahiran;8/13/2024;Diproses;8/18/2024
Lia Hidayat;liahidayat47@gmail.com;769031170;Akta Kelahiran;08/01/2024;Diproses;08/07/2024
Hendro Sirait;hendrosirait70@gmail.com;1002243515;KTP;09/06/2024;Disetujui;09/10/2024
